{
"type": "FeatureCollection",
"name": "kronik_darbogazlar",
"crs": { "type": "name", "properties": { "name": "urn:ogc:def:crs:OGC:1.3:CRS84" } },
"features": [
{ "type": "Feature", "properties": { "u": 31203448, "v": 31203449, "name": "Aladoğan Sokağı", "length": 62.385433482270159, "tahmini_hiz_kmh": 33.240116, "trafik_durumu_kumesi": 0 }, "geometry": { "type": "LineString", "coordinates": [ [ 29.0228197, 41.0486355 ], [ 29.0227587, 41.0486823 ], [ 29.0224681, 41.0486997 ], [ 29.0222107, 41.0488953 ] ] } },
{ "type": "Feature", "properties": { "u": 31203448, "v": 31203470, "name": "Palanga Caddesi", "length": 150.35147278781318, "tahmini_hiz_kmh": 33.240116, "trafik_durumu_kumesi": 0 }, "geometry": { "type": "LineString", "coordinates": [ [ 29.0228197, 41.0486355 ], [ 29.0226463, 41.048632 ], [ 29.0219798, 41.048561 ], [ 29.021704, 41.0485378 ], [ 29.0214038, 41.0485126 ], [ 29.0210376, 41.048497 ] ] } },
{ "type": "Feature", "properties": { "u": 31203448, "v": 622138968, "name": "Palanga Caddesi", "length": 86.743197272424609, "tahmini_hiz_kmh": 33.240116, "trafik_durumu_kumesi": 0 }, "geometry": { "type": "LineString", "coordinates": [ [ 29.0228197, 41.0486355 ], [ 29.0229385, 41.0486184 ], [ 29.0235331, 41.0485728 ], [ 29.023639, 41.0485971 ], [ 29.0238359, 41.0486404 ] ] } },
{ "type": "Feature", "properties": { "u": 31203470, "v": 31203448, "name": "Palanga Caddesi", "length": 150.35147278781318, "tahmini_hiz_kmh": 33.242256, "trafik_durumu_kumesi": 0 }, "geometry": { "type": "LineString", "coordinates": [ [ 29.0210376, 41.048497 ], [ 29.0214038, 41.0485126 ], [ 29.021704, 41.0485378 ], [ 29.0219798, 41.048561 ], [ 29.0226463, 41.048632 ], [ 29.0228197, 41.0486355 ] ] } },
{ "type": "Feature", "properties": { "u": 31203470, "v": 2382977756, "name": "Palanga Caddesi", "length": 50.042996055975436, "tahmini_hiz_kmh": 33.242256, "trafik_durumu_kumesi": 0 }, "geometry": { "type": "LineString", "coordinates": [ [ 29.0210376, 41.048497 ], [ 29.0209064, 41.0485258 ], [ 29.0208134, 41.0485727 ], [ 29.0206924, 41.0486699 ], [ 29.0206172, 41.0487861 ] ] } },
{ "type": "Feature", "properties": { "u": 251962645, "v": 1626486896, "name": null, "length": 55.501367914719843, "tahmini_hiz_kmh": 31.241228, "trafik_durumu_kumesi": 0 }, "geometry": { "type": "LineString", "coordinates": [ [ 28.951772, 41.0634632 ], [ 28.9517644, 41.0635102 ], [ 28.9517626, 41.0635695 ], [ 28.9517748, 41.0636175 ], [ 28.9517915, 41.0636435 ], [ 28.9518232, 41.0636843 ], [ 28.9518895, 41.0637364 ], [ 28.9519806, 41.0637951 ], [ 28.9520889, 41.0638609 ] ] } },
{ "type": "Feature", "properties": { "u": 251962818, "v": 9921283499, "name": "Silahtar Caddesi", "length": 9.6219676568084882, "tahmini_hiz_kmh": 31.722309, "trafik_durumu_kumesi": 0 }, "geometry": { "type": "LineString", "coordinates": [ [ 28.9518701, 41.0632753 ], [ 28.9517629, 41.0632444 ] ] } },
{ "type": "Feature", "properties": { "u": 251962818, "v": 9921283500, "name": "Silahtar Caddesi", "length": 12.336402759724644, "tahmini_hiz_kmh": 31.722309, "trafik_durumu_kumesi": 0 }, "geometry": { "type": "LineString", "coordinates": [ [ 28.9518701, 41.0632753 ], [ 28.9520075, 41.063315 ] ] } },
{ "type": "Feature", "properties": { "u": 251962818, "v": 1626486792, "name": "Cengiz Topel Caddesi", "length": 67.060923688653261, "tahmini_hiz_kmh": 31.722309, "trafik_durumu_kumesi": 0 }, "geometry": { "type": "LineString", "coordinates": [ [ 28.9518701, 41.0632753 ], [ 28.9521929, 41.0627235 ] ] } },
{ "type": "Feature", "properties": { "u": 255087933, "v": 11162065400, "name": null, "length": 84.821114561131424, "tahmini_hiz_kmh": 31.215591, "trafik_durumu_kumesi": 0 }, "geometry": { "type": "LineString", "coordinates": [ [ 28.9937329, 41.041922 ], [ 28.9936329, 41.0419914 ], [ 28.9936034, 41.0420139 ], [ 28.9935657, 41.0420407 ], [ 28.9935216, 41.0420664 ], [ 28.9934532, 41.0420847 ], [ 28.9933836, 41.0420919 ], [ 28.9933115, 41.0420913 ], [ 28.9932415, 41.0420741 ], [ 28.9931906, 41.0420459 ], [ 28.9931618, 41.0420248 ], [ 28.9931436, 41.042004 ], [ 28.9931214, 41.0419736 ], [ 28.9931078, 41.0419405 ], [ 28.9930789, 41.0418565 ], [ 28.9930587, 41.0417872 ] ] } },
{ "type": "Feature", "properties": { "u": 255087933, "v": 2244888505, "name": null, "length": 80.428847744852106, "tahmini_hiz_kmh": 31.215591, "trafik_durumu_kumesi": 0 }, "geometry": { "type": "LineString", "coordinates": [ [ 28.9937329, 41.041922 ], [ 28.9936797, 41.041985 ], [ 28.9936098, 41.0420594 ], [ 28.99351, 41.0421456 ], [ 28.9933817, 41.0422613 ], [ 28.9932548, 41.0423835 ], [ 28.9931979, 41.0424338 ], [ 28.9931333, 41.0424852 ] ] } },
{ "type": "Feature", "properties": { "u": 269490439, "v": 2268062062, "name": "Sinoplu Şehit Cemal Sokağı", "length": 23.736572215087971, "tahmini_hiz_kmh": 31.407778, "trafik_durumu_kumesi": 0 }, "geometry": { "type": "LineString", "coordinates": [ [ 28.9958676, 41.0554847 ], [ 28.9961238, 41.0553939 ] ] } },
{ "type": "Feature", "properties": { "u": 269490439, "v": 269490439, "name": "Valikonağı Caddesi", "length": 65.880063531055811, "tahmini_hiz_kmh": 31.407778, "trafik_durumu_kumesi": 0 }, "geometry": { "type": "LineString", "coordinates": [ [ 28.9958676, 41.0554847 ], [ 28.9959621, 41.0555518 ], [ 28.9959989, 41.0556072 ], [ 28.9960469, 41.0556647 ], [ 28.9960412, 41.0557329 ], [ 28.9959876, 41.0557201 ], [ 28.9959056, 41.0556008 ], [ 28.9958676, 41.0554847 ] ] } },
{ "type": "Feature", "properties": { "u": 269490439, "v": 2382934775, "name": "Valikonağı Caddesi", "length": 58.987976399542561, "tahmini_hiz_kmh": 31.407778, "trafik_durumu_kumesi": 0 }, "geometry": { "type": "LineString", "coordinates": [ [ 28.9958676, 41.0554847 ], [ 28.9955026, 41.0551739 ], [ 28.9954042, 41.0550856 ] ] } },
{ "type": "Feature", "properties": { "u": 269730381, "v": 513619201, "name": "Dereboyu Caddesi", "length": 62.80059060010246, "tahmini_hiz_kmh": 33.456184, "trafik_durumu_kumesi": 0 }, "geometry": { "type": "LineString", "coordinates": [ [ 29.0248608, 41.0509067 ], [ 29.0245036, 41.0514031 ] ] } },
{ "type": "Feature", "properties": { "u": 269730381, "v": 4161822151, "name": "Dereboyu Caddesi", "length": 62.46517839702183, "tahmini_hiz_kmh": 33.456184, "trafik_durumu_kumesi": 0 }, "geometry": { "type": "LineString", "coordinates": [ [ 29.0248608, 41.0509067 ], [ 29.0252678, 41.0504362 ] ] } },
{ "type": "Feature", "properties": { "u": 269730381, "v": 504388158, "name": "Bulgurcu Sokağı", "length": 60.14904603171081, "tahmini_hiz_kmh": 33.456184, "trafik_durumu_kumesi": 0 }, "geometry": { "type": "LineString", "coordinates": [ [ 29.0248608, 41.0509067 ], [ 29.0252888, 41.0511039 ], [ 29.0254818, 41.0511766 ] ] } },
{ "type": "Feature", "properties": { "u": 269733059, "v": 269733139, "name": "Çevirmeci Sokağı", "length": 23.270683209960364, "tahmini_hiz_kmh": 31.334848, "trafik_durumu_kumesi": 0 }, "geometry": { "type": "LineString", "coordinates": [ [ 29.0219535, 41.0511651 ], [ 29.0220422, 41.0509668 ] ] } },
{ "type": "Feature", "properties": { "u": 269733059, "v": 10542814627, "name": "Şehit Nuri Pamir Sokağı", "length": 65.0193161280813, "tahmini_hiz_kmh": 31.334848, "trafik_durumu_kumesi": 0 }, "geometry": { "type": "LineString", "coordinates": [ [ 29.0219535, 41.0511651 ], [ 29.0224134, 41.051298 ], [ 29.0226709, 41.0513863 ] ] } },
{ "type": "Feature", "properties": { "u": 269733065, "v": 503328526, "name": "Dereboyu Caddesi", "length": 16.951176671482671, "tahmini_hiz_kmh": 32.605015, "trafik_durumu_kumesi": 0 }, "geometry": { "type": "LineString", "coordinates": [ [ 29.0242983, 41.0517305 ], [ 29.0242251, 41.0518726 ] ] } },
{ "type": "Feature", "properties": { "u": 269733065, "v": 513619201, "name": "Dereboyu Caddesi", "length": 40.270459158759493, "tahmini_hiz_kmh": 32.605015, "trafik_durumu_kumesi": 0 }, "geometry": { "type": "LineString", "coordinates": [ [ 29.0242983, 41.0517305 ], [ 29.0245036, 41.0514031 ] ] } },
{ "type": "Feature", "properties": { "u": 269735376, "v": 775705888, "name": "Çağrı Sokağı", "length": 28.858424485816077, "tahmini_hiz_kmh": 31.458237, "trafik_durumu_kumesi": 0 }, "geometry": { "type": "LineString", "coordinates": [ [ 29.0335683, 41.0625503 ], [ 29.0335611, 41.0624752 ], [ 29.033535, 41.0624129 ], [ 29.0334887, 41.062367 ], [ 29.0334193, 41.0623352 ] ] } },
{ "type": "Feature", "properties": { "u": 269735376, "v": 621223613, "name": "Çağrı Sokağı", "length": 97.833838849526998, "tahmini_hiz_kmh": 31.458237, "trafik_durumu_kumesi": 0 }, "geometry": { "type": "LineString", "coordinates": [ [ 29.0335683, 41.0625503 ], [ 29.033597, 41.0626521 ], [ 29.0336154, 41.062876 ], [ 29.0336418, 41.0629947 ], [ 29.0336684, 41.063108 ], [ 29.0337192, 41.0632021 ], [ 29.0337874, 41.063288 ], [ 29.0338422, 41.0633385 ], [ 29.0338715, 41.0633823 ] ] } },
{ "type": "Feature", "properties": { "u": 269735798, "v": 621219426, "name": "Sekbanlar Caddesi", "length": 47.418812954122828, "tahmini_hiz_kmh": 31.456356, "trafik_durumu_kumesi": 0 }, "geometry": { "type": "LineString", "coordinates": [ [ 29.0272905, 41.0754036 ], [ 29.0273588, 41.0754628 ], [ 29.0273997, 41.0754793 ], [ 29.0274721, 41.0754712 ], [ 29.0277896, 41.0753753 ] ] } },
{ "type": "Feature", "properties": { "u": 269735798, "v": 579803621, "name": "Ahmet Adnan Saygun Caddesi", "length": 23.647244511094158, "tahmini_hiz_kmh": 31.456356, "trafik_durumu_kumesi": 0 }, "geometry": { "type": "LineString", "coordinates": [ [ 29.0272905, 41.0754036 ], [ 29.0272202, 41.07552 ], [ 29.0271668, 41.0755946 ] ] } },
{ "type": "Feature", "properties": { "u": 269735799, "v": 269735801, "name": "Ahmet Adnan Saygun Caddesi", "length": 61.855420159255466, "tahmini_hiz_kmh": 33.316711, "trafik_durumu_kumesi": 0 }, "geometry": { "type": "LineString", "coordinates": [ [ 29.0270841, 41.0757009 ], [ 29.0269822, 41.0758231 ], [ 29.026912, 41.0759135 ], [ 29.0268311, 41.076016 ], [ 29.0267693, 41.076084 ], [ 29.0266811, 41.0761659 ] ] } },
{ "type": "Feature", "properties": { "u": 269737540, "v": 269737423, "name": "Venüs Sokak", "length": 45.719533897346942, "tahmini_hiz_kmh": 32.800377, "trafik_durumu_kumesi": 0 }, "geometry": { "type": "LineString", "coordinates": [ [ 29.0319061, 41.0730555 ], [ 29.0314055, 41.0728923 ] ] } },
{ "type": "Feature", "properties": { "u": 288732476, "v": 12946645032, "name": null, "length": 27.035240424504128, "tahmini_hiz_kmh": 32.952026, "trafik_durumu_kumesi": 0 }, "geometry": { "type": "LineString", "coordinates": [ [ 28.9747841, 41.0783178 ], [ 28.9748054, 41.0783883 ], [ 28.974815, 41.0784543 ], [ 28.9748168, 41.0784947 ], [ 28.9748168, 41.0785264 ], [ 28.9748067, 41.0785578 ] ] } },
{ "type": "Feature", "properties": { "u": 288732476, "v": 6911700997, "name": "Bahtiyar Sokağı", "length": 44.947868599112581, "tahmini_hiz_kmh": 32.952026, "trafik_durumu_kumesi": 0 }, "geometry": { "type": "LineString", "coordinates": [ [ 28.9747841, 41.0783178 ], [ 28.9746379, 41.0780361 ], [ 28.9746205, 41.0779902 ], [ 28.9746108, 41.0779367 ] ] } },
{ "type": "Feature", "properties": { "u": 288732854, "v": 288732971, "name": "Kağıthane Caddesi", "length": 21.165304070251718, "tahmini_hiz_kmh": 31.215328, "trafik_durumu_kumesi": 0 }, "geometry": { "type": "LineString", "coordinates": [ [ 28.9739393, 41.0770781 ], [ 28.9738489, 41.0770855 ], [ 28.973765, 41.0770905 ], [ 28.9736878, 41.0770862 ] ] } },
{ "type": "Feature", "properties": { "u": 288732854, "v": 6911396899, "name": "Kağıthane Caddesi", "length": 293.88552129294675, "tahmini_hiz_kmh": 31.215328, "trafik_durumu_kumesi": 0 }, "geometry": { "type": "LineString", "coordinates": [ [ 28.9739393, 41.0770781 ], [ 28.97413, 41.0770097 ], [ 28.9742557, 41.076946 ], [ 28.9744705, 41.0768215 ], [ 28.9747127, 41.0766603 ], [ 28.9749978, 41.0763984 ], [ 28.9751561, 41.0762288 ], [ 28.9754612, 41.0758689 ], [ 28.975908, 41.0753281 ], [ 28.9759212, 41.0753122 ], [ 28.9761341, 41.0750675 ] ] } },
{ "type": "Feature", "properties": { "u": 288732854, "v": 288732862, "name": "Onarım Sokağı", "length": 70.476749932854062, "tahmini_hiz_kmh": 31.215328, "trafik_durumu_kumesi": 0 }, "geometry": { "type": "LineString", "coordinates": [ [ 28.9739393, 41.0770781 ], [ 28.9736969, 41.0773944 ], [ 28.9735135, 41.0776246 ] ] } },
{ "type": "Feature", "properties": { "u": 311853215, "v": 1799844789, "name": "Ergenekon Caddesi", "length": 58.393492030716956, "tahmini_hiz_kmh": 33.233688, "trafik_durumu_kumesi": 0 }, "geometry": { "type": "LineString", "coordinates": [ [ 28.9818231, 41.054442 ], [ 28.9811462, 41.0545654 ] ] } },
{ "type": "Feature", "properties": { "u": 311853215, "v": 1366488819, "name": "Ergenekon Caddesi", "length": 55.994535532400214, "tahmini_hiz_kmh": 33.233688, "trafik_durumu_kumesi": 0 }, "geometry": { "type": "LineString", "coordinates": [ [ 28.9818231, 41.054442 ], [ 28.9822768, 41.0540725 ] ] } },
{ "type": "Feature", "properties": { "u": 311853215, "v": 311853501, "name": "Kazım Orbay Caddesi", "length": 133.55246289530936, "tahmini_hiz_kmh": 33.233688, "trafik_durumu_kumesi": 0 }, "geometry": { "type": "LineString", "coordinates": [ [ 28.9818231, 41.054442 ], [ 28.9819934, 41.0550203 ], [ 28.9821684, 41.0556145 ] ] } },
{ "type": "Feature", "properties": { "u": 311853507, "v": 311853623, "name": "Esen Sokağı", "length": 51.514211227855725, "tahmini_hiz_kmh": 33.262493, "trafik_durumu_kumesi": 0 }, "geometry": { "type": "LineString", "coordinates": [ [ 28.9834276, 41.0621193 ], [ 28.9839022, 41.0619542 ], [ 28.9839855, 41.0619252 ] ] } },
{ "type": "Feature", "properties": { "u": 355485840, "v": 355485785, "name": null, "length": 32.159178369133357, "tahmini_hiz_kmh": 31.216221, "trafik_durumu_kumesi": 0 }, "geometry": { "type": "LineString", "coordinates": [ [ 29.0216324, 41.0971565 ], [ 29.0212544, 41.0972065 ] ] } },
{ "type": "Feature", "properties": { "u": 355485840, "v": 355485468, "name": null, "length": 47.538962393215577, "tahmini_hiz_kmh": 31.216221, "trafik_durumu_kumesi": 0 }, "geometry": { "type": "LineString", "coordinates": [ [ 29.0216324, 41.0971565 ], [ 29.0221912, 41.0970827 ] ] } },
{ "type": "Feature", "properties": { "u": 355485840, "v": 355485465, "name": null, "length": 337.59827623113438, "tahmini_hiz_kmh": 31.216221, "trafik_durumu_kumesi": 0 }, "geometry": { "type": "LineString", "coordinates": [ [ 29.0216324, 41.0971565 ], [ 29.0213758, 41.0965717 ], [ 29.0208787, 41.0963042 ], [ 29.0206545, 41.0962074 ], [ 29.020101, 41.0964639 ], [ 29.0199215, 41.0965366 ], [ 29.019603, 41.0965872 ], [ 29.0194401, 41.0966049 ], [ 29.0193931, 41.0970374 ], [ 29.0191871, 41.0973156 ] ] } },
{ "type": "Feature", "properties": { "u": 355485944, "v": 355485467, "name": null, "length": 11.11979111043529, "tahmini_hiz_kmh": 33.472427, "trafik_durumu_kumesi": 0 }, "geometry": { "type": "LineString", "coordinates": [ [ 29.0205109, 41.0973047 ], [ 29.0203802, 41.097322 ] ] } },
{ "type": "Feature", "properties": { "u": 355485944, "v": 355485785, "name": null, "length": 63.252007217041907, "tahmini_hiz_kmh": 33.472427, "trafik_durumu_kumesi": 0 }, "geometry": { "type": "LineString", "coordinates": [ [ 29.0205109, 41.0973047 ], [ 29.0212544, 41.0972065 ] ] } },
{ "type": "Feature", "properties": { "u": 355485944, "v": 355485466, "name": null, "length": 155.16208000084976, "tahmini_hiz_kmh": 33.472427, "trafik_durumu_kumesi": 0 }, "geometry": { "type": "LineString", "coordinates": [ [ 29.0205109, 41.0973047 ], [ 29.0206463, 41.0970051 ], [ 29.0203459, 41.0969598 ], [ 29.0202772, 41.097031 ], [ 29.0200283, 41.097018 ], [ 29.0198137, 41.0969986 ], [ 29.019642, 41.0973867 ] ] } },
{ "type": "Feature", "properties": { "u": 355485954, "v": 355485468, "name": null, "length": 41.224133238367607, "tahmini_hiz_kmh": 32.403606, "trafik_durumu_kumesi": 0 }, "geometry": { "type": "LineString", "coordinates": [ [ 29.0222427, 41.096714 ], [ 29.0221912, 41.0970827 ] ] } },
{ "type": "Feature", "properties": { "u": 355688192, "v": 355688279, "name": "Edincik Sokak", "length": 32.324949473938425, "tahmini_hiz_kmh": 31.897583, "trafik_durumu_kumesi": 0 }, "geometry": { "type": "LineString", "coordinates": [ [ 29.0317412, 41.0873948 ], [ 29.0321037, 41.0872955 ] ] } },
{ "type": "Feature", "properties": { "u": 355688192, "v": 355688293, "name": "Kaktüs Sokağı", "length": 71.746085407551263, "tahmini_hiz_kmh": 31.897583, "trafik_durumu_kumesi": 0 }, "geometry": { "type": "LineString", "coordinates": [ [ 29.0317412, 41.0873948 ], [ 29.0318442, 41.0877053 ], [ 29.0318442, 41.0878283 ], [ 29.0318098, 41.0880288 ] ] } },
{ "type": "Feature", "properties": { "u": 355688192, "v": 355688233, "name": "Sera Sokağı", "length": 769.67399269876887, "tahmini_hiz_kmh": 31.897583, "trafik_durumu_kumesi": 0 }, "geometry": { "type": "LineString", "coordinates": [ [ 29.0317412, 41.0873948 ], [ 29.0315695, 41.0874207 ], [ 29.0312605, 41.0873754 ], [ 29.0309687, 41.0872719 ], [ 29.0307885, 41.0871425 ], [ 29.0306425, 41.0869549 ], [ 29.0306597, 41.0866379 ], [ 29.030694, 41.0863662 ], [ 29.0307198, 41.0860234 ], [ 29.0308485, 41.0858099 ], [ 29.0310717, 41.0856611 ], [ 29.0312262, 41.0855123 ], [ 29.031209, 41.0853053 ], [ 29.0310545, 41.0849689 ], [ 29.0308485, 41.0846583 ], [ 29.0307284, 41.0842443 ], [ 29.0308485, 41.0840631 ], [ 29.0309773, 41.0839596 ], [ 29.0312434, 41.0838044 ], [ 29.0316124, 41.0837914 ], [ 29.0318785, 41.0839596 ], [ 29.0320072, 41.0841796 ], [ 29.0320845, 41.0844772 ], [ 29.0322905, 41.0847877 ], [ 29.0324879, 41.0852276 ], [ 29.0325737, 41.085577 ], [ 29.0326125, 41.0857135 ] ] } },
{ "type": "Feature", "properties": { "u": 370761729, "v": 2381998383, "name": "Barbaros Bulvarı", "length": 6.3128572646069703, "tahmini_hiz_kmh": 33.338612, "trafik_durumu_kumesi": 0 }, "geometry": { "type": "LineString", "coordinates": [ [ 29.0110667, 41.0603465 ], [ 29.0110843, 41.0604017 ] ] } },
{ "type": "Feature", "properties": { "u": 370761729, "v": 2381998381, "name": "Akgüner Sokağı", "length": 29.094536755793424, "tahmini_hiz_kmh": 33.338612, "trafik_durumu_kumesi": 0 }, "geometry": { "type": "LineString", "coordinates": [ [ 29.0110667, 41.0603465 ], [ 29.0111564, 41.0603256 ], [ 29.0113998, 41.0602732 ] ] } },
{ "type": "Feature", "properties": { "u": 370765202, "v": 12971727414, "name": "Sakız Ağacı Sokağı", "length": 23.394484500553805, "tahmini_hiz_kmh": 31.258255, "trafik_durumu_kumesi": 0 }, "geometry": { "type": "LineString", "coordinates": [ [ 28.9977105, 41.0565251 ], [ 28.9978584, 41.0567035 ] ] } },
{ "type": "Feature", "properties": { "u": 370765202, "v": 12971727418, "name": "Esenler Sokağı", "length": 20.352037291352456, "tahmini_hiz_kmh": 31.258255, "trafik_durumu_kumesi": 0 }, "geometry": { "type": "LineString", "coordinates": [ [ 28.9977105, 41.0565251 ], [ 28.997668, 41.0566149 ], [ 28.9976026, 41.0566874 ] ] } },
{ "type": "Feature", "properties": { "u": 411932984, "v": 13456769381, "name": "Çobançeşme Caddesi", "length": 20.679132238723327, "tahmini_hiz_kmh": 32.898819, "trafik_durumu_kumesi": 0 }, "geometry": { "type": "LineString", "coordinates": [ [ 28.9699555, 41.0820686 ], [ 28.9697094, 41.0820554 ] ] } },
{ "type": "Feature", "properties": { "u": 411932984, "v": 2262271980, "name": "Çobançeşme Caddesi", "length": 47.665525148322743, "tahmini_hiz_kmh": 32.898819, "trafik_durumu_kumesi": 0 }, "geometry": { "type": "LineString", "coordinates": [ [ 28.9699555, 41.0820686 ], [ 28.9702812, 41.0820463 ], [ 28.9705204, 41.0820204 ] ] } },
{ "type": "Feature", "properties": { "u": 411932984, "v": 13456769379, "name": "Direk Sokağı", "length": 109.16662450582191, "tahmini_hiz_kmh": 32.898819, "trafik_durumu_kumesi": 0 }, "geometry": { "type": "LineString", "coordinates": [ [ 28.9699555, 41.0820686 ], [ 28.9700476, 41.081986 ], [ 28.9702783, 41.0818719 ], [ 28.9705551, 41.0818105 ], [ 28.9708008, 41.0817482 ], [ 28.9709607, 41.0816633 ], [ 28.971043, 41.0815779 ] ] } },
{ "type": "Feature", "properties": { "u": 411932986, "v": 2262271980, "name": "Çobançeşme Caddesi", "length": 65.938579682447681, "tahmini_hiz_kmh": 33.495968, "trafik_durumu_kumesi": 0 }, "geometry": { "type": "LineString", "coordinates": [ [ 28.9712867, 41.0818862 ], [ 28.9705204, 41.0820204 ] ] } },
{ "type": "Feature", "properties": { "u": 411932986, "v": 2262271974, "name": "Çobançeşme Caddesi", "length": 43.094043651685453, "tahmini_hiz_kmh": 33.495968, "trafik_durumu_kumesi": 0 }, "geometry": { "type": "LineString", "coordinates": [ [ 28.9712867, 41.0818862 ], [ 28.9717184, 41.0816757 ] ] } },
{ "type": "Feature", "properties": { "u": 411932986, "v": 2262271981, "name": "Sardunya Sokağı", "length": 11.808398771790291, "tahmini_hiz_kmh": 33.495968, "trafik_durumu_kumesi": 0 }, "geometry": { "type": "LineString", "coordinates": [ [ 28.9712867, 41.0818862 ], [ 28.9713673, 41.0819733 ] ] } },
{ "type": "Feature", "properties": { "u": 411933451, "v": 2262259790, "name": "Girne Caddesi", "length": 132.23123829366256, "tahmini_hiz_kmh": 33.07753, "trafik_durumu_kumesi": 0 }, "geometry": { "type": "LineString", "coordinates": [ [ 28.9738089, 41.092895 ], [ 28.9735928, 41.0929231 ], [ 28.9731345, 41.0929713 ], [ 28.9722391, 41.0929933 ] ] } },
{ "type": "Feature", "properties": { "u": 411933451, "v": 411933449, "name": "Girne Caddesi", "length": 51.456449962655043, "tahmini_hiz_kmh": 33.07753, "trafik_durumu_kumesi": 0 }, "geometry": { "type": "LineString", "coordinates": [ [ 28.9738089, 41.092895 ], [ 28.9741599, 41.0927892 ], [ 28.9743784, 41.092722 ] ] } },
{ "type": "Feature", "properties": { "u": 411933451, "v": 2262259777, "name": "Sezer Sokağı", "length": 64.449669657761604, "tahmini_hiz_kmh": 33.07753, "trafik_durumu_kumesi": 0 }, "geometry": { "type": "LineString", "coordinates": [ [ 28.9738089, 41.092895 ], [ 28.9737035, 41.0926916 ], [ 28.9735035, 41.0923633 ] ] } },
{ "type": "Feature", "properties": { "u": 411933451, "v": 411933485, "name": "Fazilet Caddesi", "length": 63.69091493235041, "tahmini_hiz_kmh": 33.07753, "trafik_durumu_kumesi": 0 }, "geometry": { "type": "LineString", "coordinates": [ [ 28.9738089, 41.092895 ], [ 28.9738364, 41.0929413 ], [ 28.9740804, 41.0934299 ] ] } },
{ "type": "Feature", "properties": { "u": 411933569, "v": 2262230312, "name": null, "length": 120.7428457862283, "tahmini_hiz_kmh": 31.814352, "trafik_durumu_kumesi": 0 }, "geometry": { "type": "LineString", "coordinates": [ [ 28.9685068, 41.097189 ], [ 28.9682236, 41.0978617 ], [ 28.9682836, 41.0980945 ], [ 28.9683855, 41.0982151 ] ] } },
{ "type": "Feature", "properties": { "u": 411933569, "v": 411933566, "name": null, "length": 154.2141288196959, "tahmini_hiz_kmh": 31.814352, "trafik_durumu_kumesi": 0 }, "geometry": { "type": "LineString", "coordinates": [ [ 28.9685068, 41.097189 ], [ 28.9684974, 41.0971185 ], [ 28.9684038, 41.0964128 ], [ 28.9684896, 41.0959406 ], [ 28.9684992, 41.0958106 ] ] } },
{ "type": "Feature", "properties": { "u": 411933569, "v": 411933581, "name": null, "length": 157.05909152906952, "tahmini_hiz_kmh": 31.814352, "trafik_durumu_kumesi": 0 }, "geometry": { "type": "LineString", "coordinates": [ [ 28.9685068, 41.097189 ], [ 28.9697282, 41.0971888 ], [ 28.9703811, 41.0971887 ] ] } },
{ "type": "Feature", "properties": { "u": 513823079, "v": 513810896, "name": "Marsık Sokağı", "length": 21.28862086085282, "tahmini_hiz_kmh": 31.229239, "trafik_durumu_kumesi": 0 }, "geometry": { "type": "LineString", "coordinates": [ [ 28.9793053, 41.0446288 ], [ 28.9791299, 41.0447672 ] ] } },
{ "type": "Feature", "properties": { "u": 513823079, "v": 513823084, "name": "Yiğitbaşı Sokağı", "length": 47.331592913715838, "tahmini_hiz_kmh": 31.229239, "trafik_durumu_kumesi": 0 }, "geometry": { "type": "LineString", "coordinates": [ [ 28.9793053, 41.0446288 ], [ 28.9796849, 41.0449438 ] ] } },
{ "type": "Feature", "properties": { "u": 513823079, "v": 2250193870, "name": "Marsık Sokağı", "length": 93.052307388851958, "tahmini_hiz_kmh": 31.229239, "trafik_durumu_kumesi": 0 }, "geometry": { "type": "LineString", "coordinates": [ [ 28.9793053, 41.0446288 ], [ 28.9801405, 41.0440956 ], [ 28.9801513, 41.0440874 ] ] } },
{ "type": "Feature", "properties": { "u": 513823079, "v": 513823033, "name": "Yiğitbaşı Sokağı", "length": 34.279004544822982, "tahmini_hiz_kmh": 31.229239, "trafik_durumu_kumesi": 0 }, "geometry": { "type": "LineString", "coordinates": [ [ 28.9793053, 41.0446288 ], [ 28.9791202, 41.044424 ], [ 28.9790482, 41.0443975 ] ] } },
{ "type": "Feature", "properties": { "u": 513843279, "v": 1799738293, "name": "Ergenekon Caddesi", "length": 52.351061328863992, "tahmini_hiz_kmh": 31.405861, "trafik_durumu_kumesi": 0 }, "geometry": { "type": "LineString", "coordinates": [ [ 28.9823923, 41.0539809 ], [ 28.9828177, 41.0536363 ] ] } },
{ "type": "Feature", "properties": { "u": 513843279, "v": 1366488819, "name": "Ergenekon Caddesi", "length": 14.057726683862397, "tahmini_hiz_kmh": 31.405861, "trafik_durumu_kumesi": 0 }, "geometry": { "type": "LineString", "coordinates": [ [ 28.9823923, 41.0539809 ], [ 28.9823041, 41.0540524 ], [ 28.9822768, 41.0540725 ] ] } },
{ "type": "Feature", "properties": { "u": 556388589, "v": 1366439606, "name": "Süleyman Nazif Sokağı", "length": 89.373440833473978, "tahmini_hiz_kmh": 33.142319, "trafik_durumu_kumesi": 0 }, "geometry": { "type": "LineString", "coordinates": [ [ 28.9891661, 41.0500776 ], [ 28.9891142, 41.0508804 ] ] } },
{ "type": "Feature", "properties": { "u": 556388589, "v": 269726729, "name": "Valikonağı Caddesi", "length": 75.343582150319108, "tahmini_hiz_kmh": 33.142319, "trafik_durumu_kumesi": 0 }, "geometry": { "type": "LineString", "coordinates": [ [ 28.9891661, 41.0500776 ], [ 28.9892014, 41.0501023 ], [ 28.9898442, 41.0505221 ] ] } },
{ "type": "Feature", "properties": { "u": 558487741, "v": 558487703, "name": "Arifipaşa Sokağı", "length": 97.040624381189673, "tahmini_hiz_kmh": 32.289124, "trafik_durumu_kumesi": 0 }, "geometry": { "type": "LineString", "coordinates": [ [ 29.0512468, 41.0816285 ], [ 29.0512364, 41.0815589 ], [ 29.0512204, 41.0813284 ], [ 29.0515261, 41.081199 ], [ 29.0515786, 41.0811301 ], [ 29.0515905, 41.0810494 ], [ 29.051593, 41.080998 ], [ 29.0515693, 41.0809042 ] ] } },
{ "type": "Feature", "properties": { "u": 558487741, "v": 558487741, "name": "Arifipaşa Sokağı", "length": 69.77499985169419, "tahmini_hiz_kmh": 32.289124, "trafik_durumu_kumesi": 0 }, "geometry": { "type": "LineString", "coordinates": [ [ 29.0512468, 41.0816285 ], [ 29.0512686, 41.0817733 ], [ 29.0514832, 41.0817733 ], [ 29.0514725, 41.0816237 ], [ 29.0512468, 41.0816285 ] ] } },
{ "type": "Feature", "properties": { "u": 558487741, "v": 558487741, "name": "Arifipaşa Sokağı", "length": 69.77499985169419, "tahmini_hiz_kmh": 32.289124, "trafik_durumu_kumesi": 0 }, "geometry": { "type": "LineString", "coordinates": [ [ 29.0512468, 41.0816285 ], [ 29.0514725, 41.0816237 ], [ 29.0514832, 41.0817733 ], [ 29.0512686, 41.0817733 ], [ 29.0512468, 41.0816285 ] ] } },
{ "type": "Feature", "properties": { "u": 582943233, "v": 582943234, "name": "Karakol Sokağı", "length": 149.63738826396391, "tahmini_hiz_kmh": 32.514042, "trafik_durumu_kumesi": 0 }, "geometry": { "type": "LineString", "coordinates": [ [ 29.016762, 41.0754943 ], [ 29.0167001, 41.0754754 ], [ 29.015756, 41.0751872 ], [ 29.015407, 41.0750776 ], [ 29.0153707, 41.0750662 ], [ 29.0153023, 41.0750511 ], [ 29.0152406, 41.075046 ], [ 29.0151749, 41.0750622 ], [ 29.015098, 41.0750458 ] ] } },
{ "type": "Feature", "properties": { "u": 582943233, "v": 582943203, "name": "Karakol Sokağı", "length": 40.489988185487071, "tahmini_hiz_kmh": 32.514042, "trafik_durumu_kumesi": 0 }, "geometry": { "type": "LineString", "coordinates": [ [ 29.016762, 41.0754943 ], [ 29.0169377, 41.075555 ], [ 29.0171494, 41.0756349 ], [ 29.0171968, 41.0756528 ] ] } },
{ "type": "Feature", "properties": { "u": 582943233, "v": 251147523, "name": "Binbir Çiçek Sokağı", "length": 198.1584147440725, "tahmini_hiz_kmh": 32.514042, "trafik_durumu_kumesi": 0 }, "geometry": { "type": "LineString", "coordinates": [ [ 29.016762, 41.0754943 ], [ 29.0167845, 41.0754637 ], [ 29.0169886, 41.075186 ], [ 29.0168392, 41.0750733 ], [ 29.0167621, 41.0749979 ], [ 29.0163677, 41.0748099 ], [ 29.015535, 41.0745919 ], [ 29.015435, 41.0745657 ], [ 29.015336, 41.0745398 ] ] } },
{ "type": "Feature", "properties": { "u": 582943251, "v": 6197842329, "name": "Ilgın Sokağı", "length": 30.093285487790531, "tahmini_hiz_kmh": 31.663513, "trafik_durumu_kumesi": 0 }, "geometry": { "type": "LineString", "coordinates": [ [ 29.022907, 41.0708346 ], [ 29.0228984, 41.0706361 ], [ 29.0229225, 41.0705664 ] ] } },
{ "type": "Feature", "properties": { "u": 582943251, "v": 582943249, "name": "Ilgın Sokağı", "length": 73.85321859288139, "tahmini_hiz_kmh": 31.663513, "trafik_durumu_kumesi": 0 }, "geometry": { "type": "LineString", "coordinates": [ [ 29.022907, 41.0708346 ], [ 29.0231215, 41.071061 ], [ 29.0235239, 41.0712996 ] ] } },
{ "type": "Feature", "properties": { "u": 582943251, "v": 2261060048, "name": null, "length": 109.60428291807573, "tahmini_hiz_kmh": 31.663513, "trafik_durumu_kumesi": 0 }, "geometry": { "type": "LineString", "coordinates": [ [ 29.022907, 41.0708346 ], [ 29.0226333, 41.0707413 ], [ 29.0225171, 41.0705973 ], [ 29.0223694, 41.0703236 ], [ 29.0223524, 41.0701043 ], [ 29.0223466, 41.0700289 ] ] } },
{ "type": "Feature", "properties": { "u": 622138968, "v": 2382977755, "name": "İşkembeci Yaver Sokağı", "length": 20.555888641252583, "tahmini_hiz_kmh": 33.154636, "trafik_durumu_kumesi": 0 }, "geometry": { "type": "LineString", "coordinates": [ [ 29.0238359, 41.0486404 ], [ 29.023948, 41.0488048 ] ] } },
{ "type": "Feature", "properties": { "u": 622138968, "v": 31203448, "name": "Palanga Caddesi", "length": 86.743197272424595, "tahmini_hiz_kmh": 33.154636, "trafik_durumu_kumesi": 0 }, "geometry": { "type": "LineString", "coordinates": [ [ 29.0238359, 41.0486404 ], [ 29.023639, 41.0485971 ], [ 29.0235331, 41.0485728 ], [ 29.0229385, 41.0486184 ], [ 29.0228197, 41.0486355 ] ] } },
{ "type": "Feature", "properties": { "u": 622138968, "v": 2382977753, "name": "Palanga Caddesi", "length": 35.794497564918785, "tahmini_hiz_kmh": 33.154636, "trafik_durumu_kumesi": 0 }, "geometry": { "type": "LineString", "coordinates": [ [ 29.0238359, 41.0486404 ], [ 29.0240477, 41.0487124 ], [ 29.0240983, 41.0487197 ], [ 29.0241388, 41.0487206 ], [ 29.0241775, 41.0487195 ], [ 29.0242084, 41.0487114 ], [ 29.0242349, 41.0486992 ] ] } },
{ "type": "Feature", "properties": { "u": 629040589, "v": 269517218, "name": "Asariye Caddesi", "length": 23.507044796319001, "tahmini_hiz_kmh": 31.223057, "trafik_durumu_kumesi": 0 }, "geometry": { "type": "LineString", "coordinates": [ [ 29.0124325, 41.0441221 ], [ 29.012471, 41.0443315 ] ] } },
{ "type": "Feature", "properties": { "u": 629040589, "v": 629040601, "name": "Asariye Cami Çıkmazı", "length": 44.447194812370164, "tahmini_hiz_kmh": 31.223057, "trafik_durumu_kumesi": 0 }, "geometry": { "type": "LineString", "coordinates": [ [ 29.0124325, 41.0441221 ], [ 29.0129392, 41.0442393 ] ] } },
{ "type": "Feature", "properties": { "u": 629040589, "v": 269516778, "name": "Asariye Caddesi", "length": 39.739624283170301, "tahmini_hiz_kmh": 31.223057, "trafik_durumu_kumesi": 0 }, "geometry": { "type": "LineString", "coordinates": [ [ 29.0124325, 41.0441221 ], [ 29.0124025, 41.0440751 ], [ 29.0124025, 41.0438271 ], [ 29.0124225, 41.0437719 ] ] } },
{ "type": "Feature", "properties": { "u": 775708178, "v": 2382036466, "name": "Üvez Sokağı", "length": 63.300663491882815, "tahmini_hiz_kmh": 32.433823, "trafik_durumu_kumesi": 0 }, "geometry": { "type": "LineString", "coordinates": [ [ 29.0408297, 41.0663144 ], [ 29.041511, 41.066069 ] ] } },
{ "type": "Feature", "properties": { "u": 775708178, "v": 2264018705, "name": "Erzurumlu Şükrü Paşa Sokağı", "length": 46.72686871227468, "tahmini_hiz_kmh": 32.433823, "trafik_durumu_kumesi": 0 }, "geometry": { "type": "LineString", "coordinates": [ [ 29.0408297, 41.0663144 ], [ 29.0410417, 41.0666006 ], [ 29.0411042, 41.0666801 ] ] } },
{ "type": "Feature", "properties": { "u": 775708178, "v": 2264018654, "name": "Erzurumlu Şükrü Paşa Sokağı", "length": 97.909510558814929, "tahmini_hiz_kmh": 32.433823, "trafik_durumu_kumesi": 0 }, "geometry": { "type": "LineString", "coordinates": [ [ 29.0408297, 41.0663144 ], [ 29.0406969, 41.0661187 ], [ 29.0405883, 41.0659422 ], [ 29.0404676, 41.0655775 ], [ 29.0403759, 41.0655195 ] ] } },
{ "type": "Feature", "properties": { "u": 775708178, "v": 2264018690, "name": "Üvez Sokağı", "length": 110.21241958470755, "tahmini_hiz_kmh": 32.433823, "trafik_durumu_kumesi": 0 }, "geometry": { "type": "LineString", "coordinates": [ [ 29.0408297, 41.0663144 ], [ 29.0399785, 41.0666191 ], [ 29.0397136, 41.0664218 ] ] } },
{ "type": "Feature", "properties": { "u": 781518484, "v": 781518530, "name": "Birahane Sokağı", "length": 248.29217529779029, "tahmini_hiz_kmh": 33.229294, "trafik_durumu_kumesi": 0 }, "geometry": { "type": "LineString", "coordinates": [ [ 28.9809482, 41.0588105 ], [ 28.9809918, 41.0610432 ] ] } },
{ "type": "Feature", "properties": { "u": 781518484, "v": 2027392357, "name": "Bomonti Arkası Sokağı", "length": 57.109090477029611, "tahmini_hiz_kmh": 33.229294, "trafik_durumu_kumesi": 0 }, "geometry": { "type": "LineString", "coordinates": [ [ 28.9809482, 41.0588105 ], [ 28.980299, 41.0589659 ] ] } },
{ "type": "Feature", "properties": { "u": 781518484, "v": 781518768, "name": "Birahane Sokağı", "length": 115.74869967538152, "tahmini_hiz_kmh": 33.229294, "trafik_durumu_kumesi": 0 }, "geometry": { "type": "LineString", "coordinates": [ [ 28.9809482, 41.0588105 ], [ 28.9809607, 41.0583908 ], [ 28.9809507, 41.0577697 ] ] } },
{ "type": "Feature", "properties": { "u": 962308154, "v": 962308690, "name": "Derebaşı Sokağı", "length": 24.211574336056017, "tahmini_hiz_kmh": 32.872047, "trafik_durumu_kumesi": 0 }, "geometry": { "type": "LineString", "coordinates": [ [ 28.9880845, 41.0774145 ], [ 28.9881646, 41.0772053 ] ] } },
{ "type": "Feature", "properties": { "u": 962308154, "v": 2379720733, "name": "Derebaşı Sokağı", "length": 34.776359854402116, "tahmini_hiz_kmh": 32.872047, "trafik_durumu_kumesi": 0 }, "geometry": { "type": "LineString", "coordinates": [ [ 28.9880845, 41.0774145 ], [ 28.9883872, 41.0774959 ], [ 28.9884759, 41.0775182 ] ] } },
{ "type": "Feature", "properties": { "u": 962309136, "v": 1687780838, "name": "Taşocağı Caddesi", "length": 30.829693393104449, "tahmini_hiz_kmh": 33.083385, "trafik_durumu_kumesi": 0 }, "geometry": { "type": "LineString", "coordinates": [ [ 28.9872371, 41.0780083 ], [ 28.9875095, 41.0781946 ] ] } },
{ "type": "Feature", "properties": { "u": 962309136, "v": 1687780794, "name": "Taşocağı Caddesi", "length": 12.193591869882649, "tahmini_hiz_kmh": 33.083385, "trafik_durumu_kumesi": 0 }, "geometry": { "type": "LineString", "coordinates": [ [ 28.9872371, 41.0780083 ], [ 28.9871306, 41.0779336 ] ] } },
{ "type": "Feature", "properties": { "u": 962309153, "v": 962308464, "name": "İlke Sokağı", "length": 44.512752113994807, "tahmini_hiz_kmh": 31.225235, "trafik_durumu_kumesi": 0 }, "geometry": { "type": "LineString", "coordinates": [ [ 28.987107, 41.0767367 ], [ 28.9867715, 41.0764264 ] ] } },
{ "type": "Feature", "properties": { "u": 962309153, "v": 962308732, "name": "Akasya Sokağı", "length": 71.802273675914904, "tahmini_hiz_kmh": 31.225235, "trafik_durumu_kumesi": 0 }, "geometry": { "type": "LineString", "coordinates": [ [ 28.987107, 41.0767367 ], [ 28.9873542, 41.0766635 ], [ 28.9875027, 41.0764942 ], [ 28.9877717, 41.0763611 ] ] } },
{ "type": "Feature", "properties": { "u": 962309153, "v": 2379719676, "name": "Akasya Sokağı", "length": 38.89993618647874, "tahmini_hiz_kmh": 31.225235, "trafik_durumu_kumesi": 0 }, "geometry": { "type": "LineString", "coordinates": [ [ 28.987107, 41.0767367 ], [ 28.986877, 41.0768669 ], [ 28.9868061, 41.0769887 ] ] } },
{ "type": "Feature", "properties": { "u": 962309153, "v": 2379719674, "name": "İlke Sokağı", "length": 18.190909575415191, "tahmini_hiz_kmh": 31.225235, "trafik_durumu_kumesi": 0 }, "geometry": { "type": "LineString", "coordinates": [ [ 28.987107, 41.0767367 ], [ 28.9871945, 41.0768388 ], [ 28.9872496, 41.0768453 ] ] } },
{ "type": "Feature", "properties": { "u": 1345663250, "v": 1749730545, "name": "Nisbetiye Caddesi", "length": 77.355075357273947, "tahmini_hiz_kmh": 31.502346, "trafik_durumu_kumesi": 0 }, "geometry": { "type": "LineString", "coordinates": [ [ 29.0195451, 41.0759166 ], [ 29.019128, 41.0757485 ], [ 29.0188961, 41.0756502 ], [ 29.0187332, 41.075586 ] ] } },
{ "type": "Feature", "properties": { "u": 1365580247, "v": 1365580248, "name": "Celal Atık 1 Sokağı", "length": 72.335186245076926, "tahmini_hiz_kmh": 33.315948, "trafik_durumu_kumesi": 0 }, "geometry": { "type": "LineString", "coordinates": [ [ 29.0001762, 41.0631376 ], [ 29.0002269, 41.0629738 ], [ 29.0002886, 41.0628141 ], [ 29.0004648, 41.0625274 ] ] } },
{ "type": "Feature", "properties": { "u": 1366439597, "v": 251145226, "name": "Zafer Sokağı", "length": 13.475317284914858, "tahmini_hiz_kmh": 31.220116, "trafik_durumu_kumesi": 0 }, "geometry": { "type": "LineString", "coordinates": [ [ 28.9876788, 41.0507071 ], [ 28.9875183, 41.0507131 ] ] } },
{ "type": "Feature", "properties": { "u": 1366439597, "v": 13387755171, "name": "Halaskargazi Caddesi", "length": 79.002835049805242, "tahmini_hiz_kmh": 31.220116, "trafik_durumu_kumesi": 0 }, "geometry": { "type": "LineString", "coordinates": [ [ 28.9876788, 41.0507071 ], [ 28.9876724, 41.0510708 ], [ 28.9876594, 41.0511921 ], [ 28.9876211, 41.0514153 ] ] } },
{ "type": "Feature", "properties": { "u": 1621974848, "v": 1687539525, "name": "Aslangazi Caddesi", "length": 39.312613832610019, "tahmini_hiz_kmh": 32.740166, "trafik_durumu_kumesi": 0 }, "geometry": { "type": "LineString", "coordinates": [ [ 28.9640123, 41.0646421 ], [ 28.9644812, 41.0646448 ] ] } },
{ "type": "Feature", "properties": { "u": 1621974848, "v": 1687539530, "name": null, "length": 3.6453291096840332, "tahmini_hiz_kmh": 32.740166, "trafik_durumu_kumesi": 0 }, "geometry": { "type": "LineString", "coordinates": [ [ 28.9640123, 41.0646421 ], [ 28.9639957, 41.0646724 ] ] } },
{ "type": "Feature", "properties": { "u": 1621974848, "v": 1621975040, "name": "Aslangazi Caddesi", "length": 101.04914296867281, "tahmini_hiz_kmh": 32.740166, "trafik_durumu_kumesi": 0 }, "geometry": { "type": "LineString", "coordinates": [ [ 28.9640123, 41.0646421 ], [ 28.9635393, 41.0645473 ], [ 28.9629981, 41.0644329 ], [ 28.9628443, 41.064433 ] ] } },
{ "type": "Feature", "properties": { "u": 1626486728, "v": 1687497548, "name": "Enes Sokağı", "length": 40.974625339169137, "tahmini_hiz_kmh": 32.176262, "trafik_durumu_kumesi": 0 }, "geometry": { "type": "LineString", "coordinates": [ [ 28.9528768, 41.0602065 ], [ 28.9531408, 41.0605166 ] ] } },
{ "type": "Feature", "properties": { "u": 1626486728, "v": 1626486729, "name": "Etibank Caddesi", "length": 34.902482205544523, "tahmini_hiz_kmh": 32.176262, "trafik_durumu_kumesi": 0 }, "geometry": { "type": "LineString", "coordinates": [ [ 28.9528768, 41.0602065 ], [ 28.952586, 41.0604311 ] ] } },
{ "type": "Feature", "properties": { "u": 1626486830, "v": 9921283499, "name": "Silahtar Caddesi", "length": 10.207831111030261, "tahmini_hiz_kmh": 31.664101, "trafik_durumu_kumesi": 0 }, "geometry": { "type": "LineString", "coordinates": [ [ 28.9516537, 41.0632038 ], [ 28.9517629, 41.0632444 ] ] } },
{ "type": "Feature", "properties": { "u": 1626486830, "v": 1626486822, "name": "Silahtar Caddesi", "length": 151.38337699178092, "tahmini_hiz_kmh": 31.664101, "trafik_durumu_kumesi": 0 }, "geometry": { "type": "LineString", "coordinates": [ [ 28.9516537, 41.0632038 ], [ 28.9515246, 41.0631608 ], [ 28.951234, 41.0630691 ], [ 28.9509393, 41.0630338 ], [ 28.9504703, 41.0630251 ], [ 28.9501283, 41.063058 ], [ 28.9498957, 41.0630929 ] ] } },
{ "type": "Feature", "properties": { "u": 1663032308, "v": 1663032315, "name": "Anadol Sokağı", "length": 20.480024973265664, "tahmini_hiz_kmh": 31.232265, "trafik_durumu_kumesi": 0 }, "geometry": { "type": "LineString", "coordinates": [ [ 28.9725528, 41.0458176 ], [ 28.972326, 41.0458859 ] ] } },
{ "type": "Feature", "properties": { "u": 1663032308, "v": 1663032326, "name": null, "length": 15.64863282933157, "tahmini_hiz_kmh": 31.232265, "trafik_durumu_kumesi": 0 }, "geometry": { "type": "LineString", "coordinates": [ [ 28.9725528, 41.0458176 ], [ 28.9726505, 41.0459375 ] ] } },
{ "type": "Feature", "properties": { "u": 1663032315, "v": 1663032308, "name": "Anadol Sokağı", "length": 20.480024973265664, "tahmini_hiz_kmh": 32.466003, "trafik_durumu_kumesi": 0 }, "geometry": { "type": "LineString", "coordinates": [ [ 28.972326, 41.0458859 ], [ 28.9725528, 41.0458176 ] ] } },
{ "type": "Feature", "properties": { "u": 1663032315, "v": 1663032333, "name": "Anadol Sokağı", "length": 24.643069162257795, "tahmini_hiz_kmh": 32.466003, "trafik_durumu_kumesi": 0 }, "geometry": { "type": "LineString", "coordinates": [ [ 28.972326, 41.0458859 ], [ 28.9720515, 41.045965 ] ] } },
{ "type": "Feature", "properties": { "u": 1663032315, "v": 6480731611, "name": null, "length": 24.525523455133197, "tahmini_hiz_kmh": 32.466003, "trafik_durumu_kumesi": 0 }, "geometry": { "type": "LineString", "coordinates": [ [ 28.972326, 41.0458859 ], [ 28.9722455, 41.0457819 ], [ 28.9721516, 41.0457111 ] ] } },
{ "type": "Feature", "properties": { "u": 1663032315, "v": 1663032326, "name": null, "length": 34.865212723087396, "tahmini_hiz_kmh": 32.466003, "trafik_durumu_kumesi": 0 }, "geometry": { "type": "LineString", "coordinates": [ [ 28.972326, 41.0458859 ], [ 28.9723894, 41.0459833 ], [ 28.9725619, 41.0459699 ], [ 28.9726505, 41.0459375 ] ] } },
{ "type": "Feature", "properties": { "u": 1663506883, "v": 2371748556, "name": "Civelek Sokağı", "length": 34.160457680664493, "tahmini_hiz_kmh": 33.244366, "trafik_durumu_kumesi": 0 }, "geometry": { "type": "LineString", "coordinates": [ [ 28.9767548, 41.0534304 ], [ 28.976982, 41.0536854 ] ] } },
{ "type": "Feature", "properties": { "u": 1663506883, "v": 1663506764, "name": "Civelek Sokağı", "length": 80.452467989331069, "tahmini_hiz_kmh": 33.244366, "trafik_durumu_kumesi": 0 }, "geometry": { "type": "LineString", "coordinates": [ [ 28.9767548, 41.0534304 ], [ 28.9762196, 41.0528299 ] ] } },
{ "type": "Feature", "properties": { "u": 1663506883, "v": 1663506937, "name": "Ferace Sokağı", "length": 55.535298602702028, "tahmini_hiz_kmh": 33.244366, "trafik_durumu_kumesi": 0 }, "geometry": { "type": "LineString", "coordinates": [ [ 28.9767548, 41.0534304 ], [ 28.9762153, 41.0537201 ] ] } },
{ "type": "Feature", "properties": { "u": 1663506995, "v": 1663506937, "name": "Ferace Sokağı", "length": 53.15066000626468, "tahmini_hiz_kmh": 33.161133, "trafik_durumu_kumesi": 0 }, "geometry": { "type": "LineString", "coordinates": [ [ 28.975678, 41.0539737 ], [ 28.9762153, 41.0537201 ] ] } },
{ "type": "Feature", "properties": { "u": 1663506995, "v": 769085556, "name": "Ferace Sokağı", "length": 59.158254992819231, "tahmini_hiz_kmh": 33.161133, "trafik_durumu_kumesi": 0 }, "geometry": { "type": "LineString", "coordinates": [ [ 28.975678, 41.0539737 ], [ 28.9750697, 41.0542432 ] ] } },
{ "type": "Feature", "properties": { "u": 1663506995, "v": 1663506875, "name": "Adsız Nefer Sokağı", "length": 78.178268698288093, "tahmini_hiz_kmh": 33.161133, "trafik_durumu_kumesi": 0 }, "geometry": { "type": "LineString", "coordinates": [ [ 28.975678, 41.0539737 ], [ 28.9756314, 41.0539233 ], [ 28.9751273, 41.0534064 ] ] } },
{ "type": "Feature", "properties": { "u": 1678949016, "v": 12418883337, "name": "Bakım Sokağı", "length": 91.416242927176611, "tahmini_hiz_kmh": 31.207651, "trafik_durumu_kumesi": 0 }, "geometry": { "type": "LineString", "coordinates": [ [ 28.998299, 41.0768649 ], [ 28.9982625, 41.0769387 ], [ 28.9981968, 41.0770075 ], [ 28.9980801, 41.0770879 ], [ 28.9976232, 41.0773536 ], [ 28.9975091, 41.0774128 ] ] } },
{ "type": "Feature", "properties": { "u": 1678949016, "v": 12400167076, "name": "Balta Sokağı", "length": 20.613445639595056, "tahmini_hiz_kmh": 31.207651, "trafik_durumu_kumesi": 0 }, "geometry": { "type": "LineString", "coordinates": [ [ 28.998299, 41.0768649 ], [ 28.9984239, 41.0768927 ], [ 28.9985376, 41.0769088 ] ] } },
{ "type": "Feature", "properties": { "u": 1678949016, "v": 12282538921, "name": "Balta Sokağı", "length": 167.77537342954722, "tahmini_hiz_kmh": 31.207651, "trafik_durumu_kumesi": 0 }, "geometry": { "type": "LineString", "coordinates": [ [ 28.998299, 41.0768649 ], [ 28.998134, 41.0768305 ], [ 28.9979584, 41.0768038 ], [ 28.997866, 41.0767957 ], [ 28.9978077, 41.076819 ], [ 28.9976384, 41.0769414 ], [ 28.9974507, 41.0770627 ], [ 28.9972307, 41.0771982 ], [ 28.9969888, 41.0773192 ], [ 28.9967206, 41.0774769 ], [ 28.9966515, 41.077527 ] ] } },
{ "type": "Feature", "properties": { "u": 1687496842, "v": 1687496820, "name": null, "length": 34.693077685066882, "tahmini_hiz_kmh": 32.230854, "trafik_durumu_kumesi": 0 }, "geometry": { "type": "LineString", "coordinates": [ [ 28.9654586, 41.0537873 ], [ 28.9658521, 41.0536909 ] ] } },
{ "type": "Feature", "properties": { "u": 1687496842, "v": 1687496885, "name": "Hafik Caddesi", "length": 25.280990997428848, "tahmini_hiz_kmh": 32.230854, "trafik_durumu_kumesi": 0 }, "geometry": { "type": "LineString", "coordinates": [ [ 28.9654586, 41.0537873 ], [ 28.9655139, 41.0540108 ] ] } },
{ "type": "Feature", "properties": { "u": 1687496842, "v": 1687496813, "name": null, "length": 18.602029249993652, "tahmini_hiz_kmh": 32.230854, "trafik_durumu_kumesi": 0 }, "geometry": { "type": "LineString", "coordinates": [ [ 28.9654586, 41.0537873 ], [ 28.9653193, 41.0536571 ] ] } },
{ "type": "Feature", "properties": { "u": 1687496885, "v": 1687496924, "name": null, "length": 31.767867351671025, "tahmini_hiz_kmh": 33.000885, "trafik_durumu_kumesi": 0 }, "geometry": { "type": "LineString", "coordinates": [ [ 28.9655139, 41.0540108 ], [ 28.9654249, 41.0542885 ] ] } },
{ "type": "Feature", "properties": { "u": 1687496885, "v": 1687496842, "name": "Hafik Caddesi", "length": 25.280990997428848, "tahmini_hiz_kmh": 33.000885, "trafik_durumu_kumesi": 0 }, "geometry": { "type": "LineString", "coordinates": [ [ 28.9655139, 41.0540108 ], [ 28.9654586, 41.0537873 ] ] } },
{ "type": "Feature", "properties": { "u": 1687496885, "v": 1687496820, "name": "Hafik Caddesi", "length": 48.12408048634353, "tahmini_hiz_kmh": 33.000885, "trafik_durumu_kumesi": 0 }, "geometry": { "type": "LineString", "coordinates": [ [ 28.9655139, 41.0540108 ], [ 28.9657495, 41.0539011 ], [ 28.9658521, 41.0536909 ] ] } },
{ "type": "Feature", "properties": { "u": 1687539629, "v": 1687539583, "name": null, "length": 47.215057464485518, "tahmini_hiz_kmh": 33.400238, "trafik_durumu_kumesi": 0 }, "geometry": { "type": "LineString", "coordinates": [ [ 28.9620876, 41.0655349 ], [ 28.9618071, 41.0651667 ] ] } },
{ "type": "Feature", "properties": { "u": 1687539629, "v": 2268146430, "name": "Sazak Sokağı", "length": 124.40896811650838, "tahmini_hiz_kmh": 33.400238, "trafik_durumu_kumesi": 0 }, "geometry": { "type": "LineString", "coordinates": [ [ 28.9620876, 41.0655349 ], [ 28.962145, 41.0655282 ], [ 28.9622989, 41.0655256 ], [ 28.9624915, 41.065539 ], [ 28.9627924, 41.0655599 ], [ 28.9633389, 41.0655897 ], [ 28.9634218, 41.0655975 ], [ 28.9635651, 41.0656135 ] ] } },
{ "type": "Feature", "properties": { "u": 1687539629, "v": 2368425747, "name": "Sazak Sokağı", "length": 61.010471168459411, "tahmini_hiz_kmh": 33.400238, "trafik_durumu_kumesi": 0 }, "geometry": { "type": "LineString", "coordinates": [ [ 28.9620876, 41.0655349 ], [ 28.9619612, 41.0655738 ], [ 28.9613961, 41.0657048 ] ] } },
{ "type": "Feature", "properties": { "u": 1687539645, "v": 1621975079, "name": "Aleyna Sokağı", "length": 67.511007095225906, "tahmini_hiz_kmh": 31.976974, "trafik_durumu_kumesi": 0 }, "geometry": { "type": "LineString", "coordinates": [ [ 28.9610224, 41.0657906 ], [ 28.9607094, 41.0652312 ] ] } },
{ "type": "Feature", "properties": { "u": 1687539645, "v": 2368425747, "name": "Sazak Sokağı", "length": 32.750047394737564, "tahmini_hiz_kmh": 31.976974, "trafik_durumu_kumesi": 0 }, "geometry": { "type": "LineString", "coordinates": [ [ 28.9610224, 41.0657906 ], [ 28.9613961, 41.0657048 ] ] } },
{ "type": "Feature", "properties": { "u": 1687539645, "v": 1621974842, "name": "Sazak Sokağı", "length": 87.354873988507791, "tahmini_hiz_kmh": 31.976974, "trafik_durumu_kumesi": 0 }, "geometry": { "type": "LineString", "coordinates": [ [ 28.9610224, 41.0657906 ], [ 28.9605173, 41.0659534 ], [ 28.9603838, 41.0659536 ], [ 28.9600784, 41.0658111 ] ] } },
{ "type": "Feature", "properties": { "u": 1687707747, "v": 1687707843, "name": "Nurtaç Caddesi", "length": 43.954871976523144, "tahmini_hiz_kmh": 32.667671, "trafik_durumu_kumesi": 0 }, "geometry": { "type": "LineString", "coordinates": [ [ 28.9744235, 41.0691956 ], [ 28.9744262, 41.0692986 ], [ 28.9743853, 41.0694045 ], [ 28.974326, 41.0695809 ] ] } },
{ "type": "Feature", "properties": { "u": 1687707747, "v": 1687707884, "name": "Nurtaç Caddesi", "length": 91.226588416384544, "tahmini_hiz_kmh": 32.667671, "trafik_durumu_kumesi": 0 }, "geometry": { "type": "LineString", "coordinates": [ [ 28.9744235, 41.0691956 ], [ 28.9742897, 41.0693658 ], [ 28.9740938, 41.0699706 ] ] } },
{ "type": "Feature", "properties": { "u": 1687780743, "v": 1687780747, "name": null, "length": 15.918662227036323, "tahmini_hiz_kmh": 33.05328, "trafik_durumu_kumesi": 0 }, "geometry": { "type": "LineString", "coordinates": [ [ 28.9873549, 41.0772404 ], [ 28.9872449, 41.0773571 ] ] } },
{ "type": "Feature", "properties": { "u": 1687780743, "v": 2379719680, "name": "Çamaltı Sokağı", "length": 7.4106883373381667, "tahmini_hiz_kmh": 33.05328, "trafik_durumu_kumesi": 0 }, "geometry": { "type": "LineString", "coordinates": [ [ 28.9873549, 41.0772404 ], [ 28.9873996, 41.0772979 ] ] } },
{ "type": "Feature", "properties": { "u": 1687780743, "v": 2379719674, "name": "Çamaltı Sokağı", "length": 46.006839340773666, "tahmini_hiz_kmh": 33.05328, "trafik_durumu_kumesi": 0 }, "geometry": { "type": "LineString", "coordinates": [ [ 28.9873549, 41.0772404 ], [ 28.9873302, 41.0771959 ], [ 28.9872419, 41.0770537 ], [ 28.9872499, 41.0768753 ], [ 28.9872496, 41.0768453 ] ] } },
{ "type": "Feature", "properties": { "u": 1749652818, "v": 1749652827, "name": "Figen Sokağı", "length": 67.585002459135652, "tahmini_hiz_kmh": 32.643131, "trafik_durumu_kumesi": 0 }, "geometry": { "type": "LineString", "coordinates": [ [ 29.0185813, 41.0819841 ], [ 29.0193227, 41.0822231 ] ] } },
{ "type": "Feature", "properties": { "u": 1749652818, "v": 1749652834, "name": "Figen Sokağı", "length": 42.203127382722641, "tahmini_hiz_kmh": 32.643131, "trafik_durumu_kumesi": 0 }, "geometry": { "type": "LineString", "coordinates": [ [ 29.0185813, 41.0819841 ], [ 29.0181252, 41.0818233 ] ] } },
{ "type": "Feature", "properties": { "u": 1749652818, "v": 1749652838, "name": "Menekşeli Sokağı", "length": 59.570748804195794, "tahmini_hiz_kmh": 32.643131, "trafik_durumu_kumesi": 0 }, "geometry": { "type": "LineString", "coordinates": [ [ 29.0185813, 41.0819841 ], [ 29.0185966, 41.0822008 ], [ 29.0185578, 41.0823465 ], [ 29.0184849, 41.0825075 ] ] } },
{ "type": "Feature", "properties": { "u": 1758218282, "v": 355498841, "name": "Muhtar Oya Çolpan Akyüz Sokağı", "length": 33.362125029735317, "tahmini_hiz_kmh": 32.136375, "trafik_durumu_kumesi": 0 }, "geometry": { "type": "LineString", "coordinates": [ [ 29.0086372, 41.0864114 ], [ 29.0084437, 41.0866736 ] ] } },
{ "type": "Feature", "properties": { "u": 1758218282, "v": 4094095065, "name": "Muhtar Oya Çolpan Akyüz Sokağı", "length": 96.206044774123399, "tahmini_hiz_kmh": 32.136375, "trafik_durumu_kumesi": 0 }, "geometry": { "type": "LineString", "coordinates": [ [ 29.0086372, 41.0864114 ], [ 29.0087002, 41.0863124 ], [ 29.0087766, 41.0862052 ], [ 29.0089692, 41.0859382 ], [ 29.0090073, 41.0858865 ], [ 29.0090979, 41.0857469 ], [ 29.0091696, 41.0856451 ] ] } },
{ "type": "Feature", "properties": { "u": 1758351688, "v": 1758351708, "name": "Hümeyra Sokak", "length": 79.955917616475645, "tahmini_hiz_kmh": 31.220013, "trafik_durumu_kumesi": 0 }, "geometry": { "type": "LineString", "coordinates": [ [ 29.0046441, 41.0920845 ], [ 29.0036901, 41.0920948 ] ] } },
{ "type": "Feature", "properties": { "u": 1758351688, "v": 1926265542, "name": "Eski Büyükdere Caddesi", "length": 167.2518790857882, "tahmini_hiz_kmh": 31.220013, "trafik_durumu_kumesi": 0 }, "geometry": { "type": "LineString", "coordinates": [ [ 29.0046441, 41.0920845 ], [ 29.0047377, 41.0918048 ], [ 29.0048772, 41.0913843 ], [ 29.0050167, 41.0910487 ], [ 29.0052277, 41.0906486 ] ] } },
{ "type": "Feature", "properties": { "u": 1758649506, "v": 775693129, "name": "Şehit Ahmet Acarkan Sokağı", "length": 76.150319675766568, "tahmini_hiz_kmh": 31.899065, "trafik_durumu_kumesi": 0 }, "geometry": { "type": "LineString", "coordinates": [ [ 29.0302262, 41.0799634 ], [ 29.0311347, 41.079959 ] ] } },
{ "type": "Feature", "properties": { "u": 1758649506, "v": 2394641634, "name": null, "length": 9.2064780585648105, "tahmini_hiz_kmh": 31.899065, "trafik_durumu_kumesi": 0 }, "geometry": { "type": "LineString", "coordinates": [ [ 29.0302262, 41.0799634 ], [ 29.0301164, 41.0799656 ] ] } },
{ "type": "Feature", "properties": { "u": 1758649506, "v": 2394641647, "name": "Tepecik Yolu", "length": 150.77632153150927, "tahmini_hiz_kmh": 31.899065, "trafik_durumu_kumesi": 0 }, "geometry": { "type": "LineString", "coordinates": [ [ 29.0302262, 41.0799634 ], [ 29.0302334, 41.0802055 ], [ 29.0302557, 41.0805999 ], [ 29.0302415, 41.0810028 ], [ 29.0302404, 41.0813188 ] ] } },
{ "type": "Feature", "properties": { "u": 1758687241, "v": 269743462, "name": "Füzeciler Sokağı", "length": 237.08624935278988, "tahmini_hiz_kmh": 33.041603, "trafik_durumu_kumesi": 0 }, "geometry": { "type": "LineString", "coordinates": [ [ 29.0380781, 41.0885268 ], [ 29.0381074, 41.0884102 ], [ 29.038116, 41.0882032 ], [ 29.0381417, 41.0878797 ], [ 29.0382276, 41.0876598 ], [ 29.0383735, 41.0873622 ], [ 29.0384593, 41.087097 ], [ 29.0384936, 41.0868058 ], [ 29.0384507, 41.0866376 ], [ 29.0382362, 41.0865212 ] ] } },
{ "type": "Feature", "properties": { "u": 1758687241, "v": 269743462, "name": "Muharipler Sokağı", "length": 334.99087319026324, "tahmini_hiz_kmh": 33.041603, "trafik_durumu_kumesi": 0 }, "geometry": { "type": "LineString", "coordinates": [ [ 29.0380781, 41.0885268 ], [ 29.0379118, 41.0886076 ], [ 29.0377182, 41.0886468 ], [ 29.0375739, 41.0886319 ], [ 29.0374129, 41.0885146 ], [ 29.0372729, 41.0883234 ], [ 29.0371549, 41.0878989 ], [ 29.0371656, 41.0874056 ], [ 29.0372314, 41.0870873 ], [ 29.0373547, 41.0869236 ], [ 29.0375036, 41.0868355 ], [ 29.0377101, 41.0867469 ], [ 29.0382362, 41.0865212 ] ] } },
{ "type": "Feature", "properties": { "u": 1758687241, "v": 1758687238, "name": "Füzeciler Sokağı", "length": 53.779070445997405, "tahmini_hiz_kmh": 33.041603, "trafik_durumu_kumesi": 0 }, "geometry": { "type": "LineString", "coordinates": [ [ 29.0380781, 41.0885268 ], [ 29.0381151, 41.0887479 ], [ 29.0380025, 41.0889945 ] ] } },
{ "type": "Feature", "properties": { "u": 1808114504, "v": 1808114498, "name": "Berrak Sokağı", "length": 27.253781163296498, "tahmini_hiz_kmh": 31.351568, "trafik_durumu_kumesi": 0 }, "geometry": { "type": "LineString", "coordinates": [ [ 29.0011472, 41.0867869 ], [ 29.0009782, 41.0869963 ] ] } },
{ "type": "Feature", "properties": { "u": 1808114504, "v": 1808114501, "name": "Aybey Sokağı", "length": 146.91849390869089, "tahmini_hiz_kmh": 31.351568, "trafik_durumu_kumesi": 0 }, "geometry": { "type": "LineString", "coordinates": [ [ 29.0011472, 41.0867869 ], [ 29.0009306, 41.0866344 ], [ 29.0008342, 41.0865288 ], [ 29.0008017, 41.0864271 ], [ 29.0008043, 41.0863565 ], [ 29.0008092, 41.0862656 ], [ 29.0008339, 41.0861628 ], [ 29.0008874, 41.0859537 ], [ 29.0009908, 41.0855756 ] ] } },
{ "type": "Feature", "properties": { "u": 1808114504, "v": 1808114512, "name": "Berrak Sokağı", "length": 52.057476180526237, "tahmini_hiz_kmh": 31.351568, "trafik_durumu_kumesi": 0 }, "geometry": { "type": "LineString", "coordinates": [ [ 29.0011472, 41.0867869 ], [ 29.0012747, 41.0866062 ], [ 29.0014573, 41.0863815 ] ] } },
{ "type": "Feature", "properties": { "u": 1808114506, "v": 2262275309, "name": null, "length": 14.295000028040823, "tahmini_hiz_kmh": 33.005058, "trafik_durumu_kumesi": 0 }, "geometry": { "type": "LineString", "coordinates": [ [ 29.0014167, 41.0872613 ], [ 29.0015617, 41.087329 ] ] } },
{ "type": "Feature", "properties": { "u": 1808114506, "v": 1746864460, "name": "Renk Sokağı", "length": 91.375676061903533, "tahmini_hiz_kmh": 33.005058, "trafik_durumu_kumesi": 0 }, "geometry": { "type": "LineString", "coordinates": [ [ 29.0014167, 41.0872613 ], [ 29.0014822, 41.0870499 ], [ 29.0015001, 41.0869609 ], [ 29.0016856, 41.0864656 ] ] } },
{ "type": "Feature", "properties": { "u": 1808114506, "v": 1808114498, "name": null, "length": 47.204820070523681, "tahmini_hiz_kmh": 33.005058, "trafik_durumu_kumesi": 0 }, "geometry": { "type": "LineString", "coordinates": [ [ 29.0014167, 41.0872613 ], [ 29.0011862, 41.0871397 ], [ 29.0009782, 41.0869963 ] ] } },
{ "type": "Feature", "properties": { "u": 1808114508, "v": 1808114498, "name": null, "length": 54.113657353918761, "tahmini_hiz_kmh": 33.187336, "trafik_durumu_kumesi": 0 }, "geometry": { "type": "LineString", "coordinates": [ [ 29.0005996, 41.0866075 ], [ 29.0006554, 41.0867103 ], [ 29.0007627, 41.0867992 ], [ 29.0009782, 41.0869963 ] ] } },
{ "type": "Feature", "properties": { "u": 1926265643, "v": 1926265648, "name": null, "length": 22.029196962474206, "tahmini_hiz_kmh": 31.219843, "trafik_durumu_kumesi": 0 }, "geometry": { "type": "LineString", "coordinates": [ [ 29.0048559, 41.0921119 ], [ 29.0049293, 41.0920995 ], [ 29.005004, 41.0921039 ], [ 29.0051077, 41.0921372 ] ] } },
{ "type": "Feature", "properties": { "u": 1926265643, "v": 2271694136, "name": null, "length": 12.050722070553334, "tahmini_hiz_kmh": 31.219843, "trafik_durumu_kumesi": 0 }, "geometry": { "type": "LineString", "coordinates": [ [ 29.0048559, 41.0921119 ], [ 29.004939, 41.0920775 ], [ 29.0049792, 41.0920564 ] ] } },
{ "type": "Feature", "properties": { "u": 1964598347, "v": 1964604755, "name": "Dargın Sokağı", "length": 24.298563934054382, "tahmini_hiz_kmh": 32.482975, "trafik_durumu_kumesi": 0 }, "geometry": { "type": "LineString", "coordinates": [ [ 28.9976761, 41.0934841 ], [ 28.99741, 41.0933973 ] ] } },
{ "type": "Feature", "properties": { "u": 1964598347, "v": 1964604761, "name": "Aydınlar Sokak", "length": 38.005827800071003, "tahmini_hiz_kmh": 32.482975, "trafik_durumu_kumesi": 0 }, "geometry": { "type": "LineString", "coordinates": [ [ 28.9976761, 41.0934841 ], [ 28.997528, 41.0936884 ], [ 28.9974714, 41.0937887 ] ] } },
{ "type": "Feature", "properties": { "u": 1964598347, "v": 1964598325, "name": "Aydınlar Sokak", "length": 78.098148796430166, "tahmini_hiz_kmh": 32.482975, "trafik_durumu_kumesi": 0 }, "geometry": { "type": "LineString", "coordinates": [ [ 28.9976761, 41.0934841 ], [ 28.9978767, 41.0932073 ], [ 28.9980377, 41.0929769 ], [ 28.9981128, 41.0928637 ] ] } },
{ "type": "Feature", "properties": { "u": 1964598351, "v": 1964599726, "name": "Aydınlar Sokak", "length": 20.050502638677354, "tahmini_hiz_kmh": 32.161671, "trafik_durumu_kumesi": 0 }, "geometry": { "type": "LineString", "coordinates": [ [ 28.9973135, 41.0940685 ], [ 28.9972364, 41.0942392 ] ] } },
{ "type": "Feature", "properties": { "u": 1964598351, "v": 1964604761, "name": "Aydınlar Sokak", "length": 33.809289093256588, "tahmini_hiz_kmh": 32.161671, "trafik_durumu_kumesi": 0 }, "geometry": { "type": "LineString", "coordinates": [ [ 28.9973135, 41.0940685 ], [ 28.9974714, 41.0937887 ] ] } },
{ "type": "Feature", "properties": { "u": 1964598351, "v": 1964598323, "name": "Doğan Sokağı", "length": 85.124777773514566, "tahmini_hiz_kmh": 32.161671, "trafik_durumu_kumesi": 0 }, "geometry": { "type": "LineString", "coordinates": [ [ 28.9973135, 41.0940685 ], [ 28.9970867, 41.0939708 ], [ 28.9969658, 41.0939079 ], [ 28.9968393, 41.0938238 ], [ 28.9966805, 41.0936965 ], [ 28.9965416, 41.0935807 ] ] } },
{ "type": "Feature", "properties": { "u": 1964604759, "v": 1964604761, "name": "Duru Çıkmazı", "length": 38.744836911551005, "tahmini_hiz_kmh": 32.457741, "trafik_durumu_kumesi": 0 }, "geometry": { "type": "LineString", "coordinates": [ [ 28.9970613, 41.0936278 ], [ 28.9974714, 41.0937887 ] ] } },
{ "type": "Feature", "properties": { "u": 2260942108, "v": 2260942114, "name": "Sedef Caddesi", "length": 25.237958436190688, "tahmini_hiz_kmh": 33.192509, "trafik_durumu_kumesi": 0 }, "geometry": { "type": "LineString", "coordinates": [ [ 28.9598937, 41.0759711 ], [ 28.9601371, 41.0761047 ] ] } },
{ "type": "Feature", "properties": { "u": 2260942108, "v": 2260946342, "name": "Alçin Sokağı", "length": 53.538232130873588, "tahmini_hiz_kmh": 33.192509, "trafik_durumu_kumesi": 0 }, "geometry": { "type": "LineString", "coordinates": [ [ 28.9598937, 41.0759711 ], [ 28.9601473, 41.0755292 ] ] } },
{ "type": "Feature", "properties": { "u": 2260942108, "v": 2260942101, "name": "Sedef Caddesi", "length": 24.710032314448625, "tahmini_hiz_kmh": 33.192509, "trafik_durumu_kumesi": 0 }, "geometry": { "type": "LineString", "coordinates": [ [ 28.9598937, 41.0759711 ], [ 28.9597457, 41.0758836 ], [ 28.9596787, 41.075821 ] ] } },
{ "type": "Feature", "properties": { "u": 2260946330, "v": 2260946342, "name": "Alçin Sokağı", "length": 41.188473604398546, "tahmini_hiz_kmh": 32.598969, "trafik_durumu_kumesi": 0 }, "geometry": { "type": "LineString", "coordinates": [ [ 28.9603217, 41.0751829 ], [ 28.9601473, 41.0755292 ] ] } },
{ "type": "Feature", "properties": { "u": 2260946330, "v": 2260942064, "name": "Alçin Sokağı", "length": 36.881376235688144, "tahmini_hiz_kmh": 32.598969, "trafik_durumu_kumesi": 0 }, "geometry": { "type": "LineString", "coordinates": [ [ 28.9603217, 41.0751829 ], [ 28.9605045, 41.0748812 ] ] } },
{ "type": "Feature", "properties": { "u": 2260946330, "v": 2260942080, "name": "Süsler Sokağı", "length": 79.154444628462869, "tahmini_hiz_kmh": 32.598969, "trafik_durumu_kumesi": 0 }, "geometry": { "type": "LineString", "coordinates": [ [ 28.9603217, 41.0751829 ], [ 28.9597509, 41.0752073 ], [ 28.9593822, 41.0752477 ] ] } },
{ "type": "Feature", "properties": { "u": 2260946340, "v": 2260942080, "name": "Sedef Caddesi", "length": 29.723046603277989, "tahmini_hiz_kmh": 33.237957, "trafik_durumu_kumesi": 0 }, "geometry": { "type": "LineString", "coordinates": [ [ 28.9594877, 41.0755029 ], [ 28.9593822, 41.0752477 ] ] } },
{ "type": "Feature", "properties": { "u": 2260946340, "v": 2260942101, "name": "Sedef Caddesi", "length": 39.289047399310363, "tahmini_hiz_kmh": 33.237957, "trafik_durumu_kumesi": 0 }, "geometry": { "type": "LineString", "coordinates": [ [ 28.9594877, 41.0755029 ], [ 28.95952, 41.0755474 ], [ 28.9596099, 41.0757567 ], [ 28.9596787, 41.075821 ] ] } },
{ "type": "Feature", "properties": { "u": 2260946340, "v": 2260946342, "name": "Tüzün Sokağı", "length": 55.380635314719569, "tahmini_hiz_kmh": 33.237957, "trafik_durumu_kumesi": 0 }, "geometry": { "type": "LineString", "coordinates": [ [ 28.9594877, 41.0755029 ], [ 28.9598484, 41.0755227 ], [ 28.9601473, 41.0755292 ] ] } },
{ "type": "Feature", "properties": { "u": 2260946340, "v": 2260946350, "name": "Tüzün Sokağı", "length": 67.462133885200302, "tahmini_hiz_kmh": 33.237957, "trafik_durumu_kumesi": 0 }, "geometry": { "type": "LineString", "coordinates": [ [ 28.9594877, 41.0755029 ], [ 28.9592641, 41.0755777 ], [ 28.9587459, 41.0757381 ] ] } },
{ "type": "Feature", "properties": { "u": 2260946578, "v": 13456769363, "name": "Özen Sokağı", "length": 65.253813539160575, "tahmini_hiz_kmh": 32.933575, "trafik_durumu_kumesi": 0 }, "geometry": { "type": "LineString", "coordinates": [ [ 28.9679625, 41.08081 ], [ 28.9677414, 41.0806759 ], [ 28.9674192, 41.0803929 ] ] } },
{ "type": "Feature", "properties": { "u": 2260946578, "v": 2260946595, "name": "Sümbül Sokağı", "length": 47.398152398753624, "tahmini_hiz_kmh": 32.933575, "trafik_durumu_kumesi": 0 }, "geometry": { "type": "LineString", "coordinates": [ [ 28.9679625, 41.08081 ], [ 28.9678584, 41.0808916 ], [ 28.9675706, 41.0811173 ] ] } },
{ "type": "Feature", "properties": { "u": 2260946578, "v": 2260946572, "name": "Sümbül Sokağı", "length": 14.419161341924006, "tahmini_hiz_kmh": 32.933575, "trafik_durumu_kumesi": 0 }, "geometry": { "type": "LineString", "coordinates": [ [ 28.9679625, 41.08081 ], [ 28.9680205, 41.0807645 ], [ 28.9680817, 41.0807165 ] ] } },
{ "type": "Feature", "properties": { "u": 2261014313, "v": 2261014265, "name": "Yüzakı Sokağı", "length": 26.73798471713965, "tahmini_hiz_kmh": 31.90465, "trafik_durumu_kumesi": 0 }, "geometry": { "type": "LineString", "coordinates": [ [ 28.9836169, 41.0754771 ], [ 28.9837359, 41.075254 ] ] } },
{ "type": "Feature", "properties": { "u": 2261014313, "v": 2261014343, "name": null, "length": 31.895783439206696, "tahmini_hiz_kmh": 31.90465, "trafik_durumu_kumesi": 0 }, "geometry": { "type": "LineString", "coordinates": [ [ 28.9836169, 41.0754771 ], [ 28.9835005, 41.0755409 ], [ 28.9833023, 41.0756383 ] ] } },
{ "type": "Feature", "properties": { "u": 2261014313, "v": 2379719669, "name": null, "length": 101.27352773221017, "tahmini_hiz_kmh": 31.90465, "trafik_durumu_kumesi": 0 }, "geometry": { "type": "LineString", "coordinates": [ [ 28.9836169, 41.0754771 ], [ 28.9836854, 41.0755968 ], [ 28.983878, 41.0758025 ], [ 28.9840185, 41.0759325 ], [ 28.98362, 41.0761326 ] ] } },
{ "type": "Feature", "properties": { "u": 2261060050, "v": 6197842329, "name": null, "length": 53.97824939714927, "tahmini_hiz_kmh": 33.196823, "trafik_durumu_kumesi": 0 }, "geometry": { "type": "LineString", "coordinates": [ [ 29.0227474, 41.0701001 ], [ 29.0228218, 41.0703168 ], [ 29.0228466, 41.07041 ], [ 29.0229225, 41.0705664 ] ] } },
{ "type": "Feature", "properties": { "u": 2261060050, "v": 2261060032, "name": null, "length": 157.04326633551813, "tahmini_hiz_kmh": 33.196823, "trafik_durumu_kumesi": 0 }, "geometry": { "type": "LineString", "coordinates": [ [ 29.0227474, 41.0701001 ], [ 29.0228484, 41.0699674 ], [ 29.0229625, 41.0698913 ], [ 29.0231743, 41.0698028 ], [ 29.023448, 41.0696898 ], [ 29.023605, 41.0696431 ], [ 29.0236956, 41.0696161 ], [ 29.0241106, 41.0697209 ], [ 29.0243571, 41.0697832 ] ] } },
{ "type": "Feature", "properties": { "u": 2261060050, "v": 2261060048, "name": null, "length": 34.519515595306672, "tahmini_hiz_kmh": 33.196823, "trafik_durumu_kumesi": 0 }, "geometry": { "type": "LineString", "coordinates": [ [ 29.0227474, 41.0701001 ], [ 29.0226569, 41.070084 ], [ 29.0223466, 41.0700289 ] ] } },
{ "type": "Feature", "properties": { "u": 2261060290, "v": 2261060289, "name": null, "length": 23.532684298929389, "tahmini_hiz_kmh": 27.443974, "trafik_durumu_kumesi": 0 }, "geometry": { "type": "LineString", "coordinates": [ [ 29.0234333, 41.0768615 ], [ 29.0231537, 41.0768424 ] ] } },
{ "type": "Feature", "properties": { "u": 2261060290, "v": 2261060290, "name": null, "length": 153.0736771140771, "tahmini_hiz_kmh": 27.443974, "trafik_durumu_kumesi": 0 }, "geometry": { "type": "LineString", "coordinates": [ [ 29.0234333, 41.0768615 ], [ 29.0238308, 41.0768247 ], [ 29.0240524, 41.0767977 ], [ 29.024186, 41.0767485 ], [ 29.0242251, 41.0766724 ], [ 29.0241111, 41.0766134 ], [ 29.0238178, 41.0766085 ], [ 29.0236516, 41.0766945 ], [ 29.0234333, 41.0768615 ] ] } },
{ "type": "Feature", "properties": { "u": 2261060290, "v": 2261060290, "name": null, "length": 153.0736771140771, "tahmini_hiz_kmh": 27.443974, "trafik_durumu_kumesi": 0 }, "geometry": { "type": "LineString", "coordinates": [ [ 29.0234333, 41.0768615 ], [ 29.0236516, 41.0766945 ], [ 29.0238178, 41.0766085 ], [ 29.0241111, 41.0766134 ], [ 29.0242251, 41.0766724 ], [ 29.024186, 41.0767485 ], [ 29.0240524, 41.0767977 ], [ 29.0238308, 41.0768247 ], [ 29.0234333, 41.0768615 ] ] } },
{ "type": "Feature", "properties": { "u": 2261060347, "v": 775654111, "name": null, "length": 38.449647754512043, "tahmini_hiz_kmh": 25.445278, "trafik_durumu_kumesi": 0 }, "geometry": { "type": "LineString", "coordinates": [ [ 29.020338, 41.0797536 ], [ 29.0203623, 41.0794083 ] ] } },
{ "type": "Feature", "properties": { "u": 2261060347, "v": 2261060347, "name": null, "length": 457.59904787362484, "tahmini_hiz_kmh": 25.445278, "trafik_durumu_kumesi": 0 }, "geometry": { "type": "LineString", "coordinates": [ [ 29.020338, 41.0797536 ], [ 29.02011, 41.0798426 ], [ 29.0199659, 41.0799734 ], [ 29.0199397, 41.0803682 ], [ 29.0200183, 41.0808914 ], [ 29.0200445, 41.0813604 ], [ 29.0201504, 41.0814056 ], [ 29.0208347, 41.0813069 ], [ 29.0208856, 41.0812373 ], [ 29.0207626, 41.0800022 ], [ 29.020658, 41.0798698 ], [ 29.0205305, 41.079799 ], [ 29.020338, 41.0797536 ] ] } },
{ "type": "Feature", "properties": { "u": 2261060347, "v": 2261060347, "name": null, "length": 457.59904787362495, "tahmini_hiz_kmh": 25.445278, "trafik_durumu_kumesi": 0 }, "geometry": { "type": "LineString", "coordinates": [ [ 29.020338, 41.0797536 ], [ 29.0205305, 41.079799 ], [ 29.020658, 41.0798698 ], [ 29.0207626, 41.0800022 ], [ 29.0208856, 41.0812373 ], [ 29.0208347, 41.0813069 ], [ 29.0201504, 41.0814056 ], [ 29.0200445, 41.0813604 ], [ 29.0200183, 41.0808914 ], [ 29.0199397, 41.0803682 ], [ 29.0199659, 41.0799734 ], [ 29.02011, 41.0798426 ], [ 29.020338, 41.0797536 ] ] } },
{ "type": "Feature", "properties": { "u": 2262230299, "v": 2262230310, "name": "Fazilet Caddesi", "length": 57.657576203270388, "tahmini_hiz_kmh": 33.277195, "trafik_durumu_kumesi": 0 }, "geometry": { "type": "LineString", "coordinates": [ [ 28.9753945, 41.0977118 ], [ 28.9757439, 41.0981585 ] ] } },
{ "type": "Feature", "properties": { "u": 2262230299, "v": 12157115450, "name": null, "length": 18.847089234241331, "tahmini_hiz_kmh": 33.277195, "trafik_durumu_kumesi": 0 }, "geometry": { "type": "LineString", "coordinates": [ [ 28.9753945, 41.0977118 ], [ 28.9753524, 41.0978783 ] ] } },
{ "type": "Feature", "properties": { "u": 2262230299, "v": 2262230287, "name": "Fazilet Caddesi", "length": 54.324590557914078, "tahmini_hiz_kmh": 33.277195, "trafik_durumu_kumesi": 0 }, "geometry": { "type": "LineString", "coordinates": [ [ 28.9753945, 41.0977118 ], [ 28.9751467, 41.0974379 ], [ 28.9750153, 41.097316 ] ] } },
{ "type": "Feature", "properties": { "u": 2262268885, "v": 411933097, "name": "Osmanpaşa Caddesi", "length": 32.941799403417129, "tahmini_hiz_kmh": 31.916086, "trafik_durumu_kumesi": 0 }, "geometry": { "type": "LineString", "coordinates": [ [ 28.962903, 41.0829354 ], [ 28.9629391, 41.0826404 ] ] } },
{ "type": "Feature", "properties": { "u": 2262268885, "v": 13456769361, "name": "Alibey Caddesi", "length": 18.455515330304614, "tahmini_hiz_kmh": 31.916086, "trafik_durumu_kumesi": 0 }, "geometry": { "type": "LineString", "coordinates": [ [ 28.962903, 41.0829354 ], [ 28.9630926, 41.082851 ] ] } },
{ "type": "Feature", "properties": { "u": 2262268885, "v": 10203939618, "name": "Osmanpaşa Caddesi", "length": 8.7642969075437875, "tahmini_hiz_kmh": 31.916086, "trafik_durumu_kumesi": 0 }, "geometry": { "type": "LineString", "coordinates": [ [ 28.962903, 41.0829354 ], [ 28.9629045, 41.0829884 ], [ 28.9629053, 41.0830142 ] ] } },
{ "type": "Feature", "properties": { "u": 2262269817, "v": 2260946595, "name": "Tahir Sokağı", "length": 52.229620543463987, "tahmini_hiz_kmh": 33.150455, "trafik_durumu_kumesi": 0 }, "geometry": { "type": "LineString", "coordinates": [ [ 28.9669723, 41.080986 ], [ 28.9675706, 41.0811173 ] ] } },
{ "type": "Feature", "properties": { "u": 2262269817, "v": 12158248434, "name": null, "length": 23.697331227312777, "tahmini_hiz_kmh": 33.150455, "trafik_durumu_kumesi": 0 }, "geometry": { "type": "LineString", "coordinates": [ [ 28.9669723, 41.080986 ], [ 28.9666918, 41.0809593 ] ] } },
{ "type": "Feature", "properties": { "u": 2262269817, "v": 2260946566, "name": "Cemal Sokağı", "length": 40.129424293369105, "tahmini_hiz_kmh": 33.150455, "trafik_durumu_kumesi": 0 }, "geometry": { "type": "LineString", "coordinates": [ [ 28.9669723, 41.080986 ], [ 28.9670777, 41.0807454 ], [ 28.96708, 41.0806379 ] ] } },
{ "type": "Feature", "properties": { "u": 2262269817, "v": 9611454382, "name": "Cemal Sokağı", "length": 20.327602554535581, "tahmini_hiz_kmh": 33.150455, "trafik_durumu_kumesi": 0 }, "geometry": { "type": "LineString", "coordinates": [ [ 28.9669723, 41.080986 ], [ 28.9668866, 41.0811102 ], [ 28.966866, 41.0811501 ] ] } },
{ "type": "Feature", "properties": { "u": 2262269860, "v": 2262269863, "name": "Osmanpaşa Caddesi", "length": 35.40796571031801, "tahmini_hiz_kmh": 31.915735, "trafik_durumu_kumesi": 0 }, "geometry": { "type": "LineString", "coordinates": [ [ 28.9629481, 41.0832845 ], [ 28.9630136, 41.0834494 ], [ 28.9630695, 41.0835895 ] ] } },
{ "type": "Feature", "properties": { "u": 2262269860, "v": 10203939618, "name": "Osmanpaşa Caddesi", "length": 30.522924974462384, "tahmini_hiz_kmh": 31.915735, "trafik_durumu_kumesi": 0 }, "geometry": { "type": "LineString", "coordinates": [ [ 28.9629481, 41.0832845 ], [ 28.9629106, 41.0831904 ], [ 28.9629065, 41.0830537 ], [ 28.9629053, 41.0830142 ] ] } },
{ "type": "Feature", "properties": { "u": 2262269860, "v": 2262269857, "name": "Yaren Sokağı", "length": 306.50476795278286, "tahmini_hiz_kmh": 31.915735, "trafik_durumu_kumesi": 0 }, "geometry": { "type": "LineString", "coordinates": [ [ 28.9629481, 41.0832845 ], [ 28.9635476, 41.0833747 ], [ 28.9645948, 41.0835917 ], [ 28.9648827, 41.0836451 ], [ 28.9661829, 41.0831805 ], [ 28.9663676, 41.0830847 ] ] } },
{ "type": "Feature", "properties": { "u": 2262271985, "v": 2262271993, "name": "Ece Sokağı", "length": 39.798011111036807, "tahmini_hiz_kmh": 32.241371, "trafik_durumu_kumesi": 0 }, "geometry": { "type": "LineString", "coordinates": [ [ 28.9703383, 41.0823243 ], [ 28.9707041, 41.0825525 ] ] } },
{ "type": "Feature", "properties": { "u": 2262271985, "v": 2262271980, "name": "Ece Sokağı", "length": 37.079155537937645, "tahmini_hiz_kmh": 32.241371, "trafik_durumu_kumesi": 0 }, "geometry": { "type": "LineString", "coordinates": [ [ 28.9703383, 41.0823243 ], [ 28.9705204, 41.0820204 ] ] } },
{ "type": "Feature", "properties": { "u": 2262271985, "v": 12171316067, "name": "Ece Sokağı", "length": 125.24381109633214, "tahmini_hiz_kmh": 32.241371, "trafik_durumu_kumesi": 0 }, "geometry": { "type": "LineString", "coordinates": [ [ 28.9703383, 41.0823243 ], [ 28.9702465, 41.0823945 ], [ 28.9702132, 41.08242 ], [ 28.9696802, 41.0829777 ], [ 28.9694477, 41.0832269 ] ] } },
{ "type": "Feature", "properties": { "u": 2262274605, "v": 2262274590, "name": "Talatpaşa Caddesi", "length": 53.51621751850989, "tahmini_hiz_kmh": 31.646223, "trafik_durumu_kumesi": 0 }, "geometry": { "type": "LineString", "coordinates": [ [ 28.9903765, 41.0824406 ], [ 28.9904023, 41.0824255 ], [ 28.9908811, 41.0821457 ] ] } },
{ "type": "Feature", "properties": { "u": 2262274605, "v": 2262274619, "name": "Talatpaşa Caddesi", "length": 29.548166675545524, "tahmini_hiz_kmh": 31.646223, "trafik_durumu_kumesi": 0 }, "geometry": { "type": "LineString", "coordinates": [ [ 28.9903765, 41.0824406 ], [ 28.9902477, 41.0825175 ], [ 28.990088, 41.0825926 ] ] } },
{ "type": "Feature", "properties": { "u": 2262274605, "v": 2262256339, "name": "Ökten Sokağı", "length": 72.978074787280065, "tahmini_hiz_kmh": 31.646223, "trafik_durumu_kumesi": 0 }, "geometry": { "type": "LineString", "coordinates": [ [ 28.9903765, 41.0824406 ], [ 28.9906024, 41.0826944 ], [ 28.9908275, 41.0830013 ] ] } },
{ "type": "Feature", "properties": { "u": 2262274623, "v": 2262274619, "name": "Talatpaşa Caddesi", "length": 17.318443206987265, "tahmini_hiz_kmh": 31.210482, "trafik_durumu_kumesi": 0 }, "geometry": { "type": "LineString", "coordinates": [ [ 28.9899064, 41.0826669 ], [ 28.990088, 41.0825926 ] ] } },
{ "type": "Feature", "properties": { "u": 2262274623, "v": 2262256317, "name": "Talatpaşa Caddesi", "length": 33.197091818831467, "tahmini_hiz_kmh": 31.210482, "trafik_durumu_kumesi": 0 }, "geometry": { "type": "LineString", "coordinates": [ [ 28.9899064, 41.0826669 ], [ 28.9895655, 41.0828189 ] ] } },
{ "type": "Feature", "properties": { "u": 2262274623, "v": 2262274704, "name": "Dinç Sokağı", "length": 66.334492519093629, "tahmini_hiz_kmh": 31.210482, "trafik_durumu_kumesi": 0 }, "geometry": { "type": "LineString", "coordinates": [ [ 28.9899064, 41.0826669 ], [ 28.9900977, 41.0829326 ], [ 28.99028, 41.0831928 ] ] } },
{ "type": "Feature", "properties": { "u": 2262276347, "v": 411933507, "name": null, "length": 37.552220875891365, "tahmini_hiz_kmh": 33.398441, "trafik_durumu_kumesi": 0 }, "geometry": { "type": "LineString", "coordinates": [ [ 28.9818409, 41.0921382 ], [ 28.9818947, 41.0921083 ], [ 28.9821094, 41.091989 ], [ 28.9822203, 41.0919675 ] ] } },
{ "type": "Feature", "properties": { "u": 2262276347, "v": 2262276355, "name": null, "length": 62.595168433937104, "tahmini_hiz_kmh": 33.398441, "trafik_durumu_kumesi": 0 }, "geometry": { "type": "LineString", "coordinates": [ [ 28.9818409, 41.0921382 ], [ 28.9817293, 41.092235 ], [ 28.9812524, 41.0924795 ] ] } },
{ "type": "Feature", "properties": { "u": 2262276347, "v": 2262276300, "name": null, "length": 143.76027505673773, "tahmini_hiz_kmh": 33.398441, "trafik_durumu_kumesi": 0 }, "geometry": { "type": "LineString", "coordinates": [ [ 28.9818409, 41.0921382 ], [ 28.9818396, 41.0919785 ], [ 28.9818251, 41.0917192 ], [ 28.9817351, 41.0914406 ], [ 28.9816644, 41.0913776 ], [ 28.981576, 41.0913328 ], [ 28.9815261, 41.0913255 ], [ 28.9813332, 41.0913836 ], [ 28.9812931, 41.0914285 ], [ 28.9813397, 41.0915217 ], [ 28.9813715, 41.0915933 ] ] } },
{ "type": "Feature", "properties": { "u": 2264018981, "v": 2264018957, "name": null, "length": 18.63624145871276, "tahmini_hiz_kmh": 31.225391, "trafik_durumu_kumesi": 0 }, "geometry": { "type": "LineString", "coordinates": [ [ 29.0413892, 41.0697536 ], [ 29.0413423, 41.0696549 ], [ 29.0413197, 41.0695945 ] ] } },
{ "type": "Feature", "properties": { "u": 2264018981, "v": 1483423767, "name": "Kireçhane Sokağı", "length": 20.656244028550667, "tahmini_hiz_kmh": 31.225391, "trafik_durumu_kumesi": 0 }, "geometry": { "type": "LineString", "coordinates": [ [ 29.0413892, 41.0697536 ], [ 29.0413459, 41.0698069 ], [ 29.0412782, 41.0699191 ] ] } },
{ "type": "Feature", "properties": { "u": 2264018981, "v": 2264018934, "name": "Kireçhane Sokağı", "length": 76.499841050614592, "tahmini_hiz_kmh": 31.225391, "trafik_durumu_kumesi": 0 }, "geometry": { "type": "LineString", "coordinates": [ [ 29.0413892, 41.0697536 ], [ 29.0414482, 41.0697018 ], [ 29.0419808, 41.0693503 ], [ 29.0420395, 41.0692765 ] ] } },
{ "type": "Feature", "properties": { "u": 2264019045, "v": 2264019024, "name": "Oğul Sokağı", "length": 61.701712393952164, "tahmini_hiz_kmh": 31.796391, "trafik_durumu_kumesi": 0 }, "geometry": { "type": "LineString", "coordinates": [ [ 29.0414085, 41.070164 ], [ 29.0417284, 41.0700267 ], [ 29.0419385, 41.069992 ], [ 29.0420879, 41.0699677 ] ] } },
{ "type": "Feature", "properties": { "u": 2264019045, "v": 1483423767, "name": "Boyalıköşk Sokağı", "length": 29.377260755032847, "tahmini_hiz_kmh": 31.796391, "trafik_durumu_kumesi": 0 }, "geometry": { "type": "LineString", "coordinates": [ [ 29.0414085, 41.070164 ], [ 29.041388, 41.0701259 ], [ 29.041345, 41.0700541 ], [ 29.0412921, 41.0699572 ], [ 29.0412782, 41.0699191 ] ] } },
{ "type": "Feature", "properties": { "u": 2264019045, "v": 2264019051, "name": "Boyalıköşk Sokağı", "length": 9.7527238278839228, "tahmini_hiz_kmh": 31.796391, "trafik_durumu_kumesi": 0 }, "geometry": { "type": "LineString", "coordinates": [ [ 29.0414085, 41.070164 ], [ 29.0414308, 41.0702051 ], [ 29.0414602, 41.0702423 ] ] } },
{ "type": "Feature", "properties": { "u": 2264072985, "v": 2264073022, "name": "Kayalar Sokağı", "length": 58.980786286774844, "tahmini_hiz_kmh": 33.088936, "trafik_durumu_kumesi": 0 }, "geometry": { "type": "LineString", "coordinates": [ [ 29.0532545, 41.0817708 ], [ 29.0537758, 41.0821271 ] ] } },
{ "type": "Feature", "properties": { "u": 2264072985, "v": 558485951, "name": "Kayalar Sokağı", "length": 190.34505983427212, "tahmini_hiz_kmh": 33.088936, "trafik_durumu_kumesi": 0 }, "geometry": { "type": "LineString", "coordinates": [ [ 29.0532545, 41.0817708 ], [ 29.0531975, 41.0817424 ], [ 29.0529555, 41.0816043 ], [ 29.0529869, 41.0815475 ], [ 29.0531784, 41.0814012 ], [ 29.0534895, 41.0814377 ], [ 29.0537718, 41.0814525 ], [ 29.0540272, 41.0815162 ], [ 29.0542019, 41.0815478 ], [ 29.0543227, 41.0815696 ], [ 29.0544847, 41.0815568 ], [ 29.0545853, 41.0814168 ] ] } },
{ "type": "Feature", "properties": { "u": 2264072985, "v": 2264072972, "name": "Kayalar Sokağı", "length": 52.103616152947971, "tahmini_hiz_kmh": 33.088936, "trafik_durumu_kumesi": 0 }, "geometry": { "type": "LineString", "coordinates": [ [ 29.0532545, 41.0817708 ], [ 29.0531505, 41.0817713 ], [ 29.0526913, 41.0815912 ] ] } },
{ "type": "Feature", "properties": { "u": 2264079077, "v": 2264079074, "name": null, "length": 107.47346486124567, "tahmini_hiz_kmh": 32.113934, "trafik_durumu_kumesi": 0 }, "geometry": { "type": "LineString", "coordinates": [ [ 29.0111917, 41.0481062 ], [ 29.0121998, 41.0475094 ] ] } },
{ "type": "Feature", "properties": { "u": 2264079077, "v": 2264079083, "name": null, "length": 22.808044160338206, "tahmini_hiz_kmh": 32.113934, "trafik_durumu_kumesi": 0 }, "geometry": { "type": "LineString", "coordinates": [ [ 29.0111917, 41.0481062 ], [ 29.0111825, 41.0483112 ] ] } },
{ "type": "Feature", "properties": { "u": 2264079077, "v": 269349985, "name": null, "length": 33.875130570923091, "tahmini_hiz_kmh": 32.113934, "trafik_durumu_kumesi": 0 }, "geometry": { "type": "LineString", "coordinates": [ [ 29.0111917, 41.0481062 ], [ 29.0110927, 41.0481184 ], [ 29.0107892, 41.0481254 ] ] } },
{ "type": "Feature", "properties": { "u": 2268086054, "v": 2268086069, "name": null, "length": 38.5497804539066, "tahmini_hiz_kmh": 32.988632, "trafik_durumu_kumesi": 0 }, "geometry": { "type": "LineString", "coordinates": [ [ 29.018376, 41.0639314 ], [ 29.0183498, 41.0639822 ], [ 29.0182919, 41.0640368 ], [ 29.0180752, 41.0641875 ] ] } },
{ "type": "Feature", "properties": { "u": 2268086054, "v": 2268086062, "name": "Uygur Sokağı", "length": 48.588333852202773, "tahmini_hiz_kmh": 32.988632, "trafik_durumu_kumesi": 0 }, "geometry": { "type": "LineString", "coordinates": [ [ 29.018376, 41.0639314 ], [ 29.0179585, 41.0640229 ], [ 29.0178237, 41.0640627 ] ] } },
{ "type": "Feature", "properties": { "u": 2268159464, "v": 1626486741, "name": "Etibank Caddesi", "length": 35.82725864382811, "tahmini_hiz_kmh": 32.458035, "trafik_durumu_kumesi": 0 }, "geometry": { "type": "LineString", "coordinates": [ [ 28.9522467, 41.0606724 ], [ 28.9521647, 41.0607291 ], [ 28.9520409, 41.0608148 ], [ 28.9519318, 41.0608902 ] ] } },
{ "type": "Feature", "properties": { "u": 2268159464, "v": 1626486729, "name": "Etibank Caddesi", "length": 39.105044214145195, "tahmini_hiz_kmh": 32.458035, "trafik_durumu_kumesi": 0 }, "geometry": { "type": "LineString", "coordinates": [ [ 28.9522467, 41.0606724 ], [ 28.9524329, 41.06054 ], [ 28.952586, 41.0604311 ] ] } },
{ "type": "Feature", "properties": { "u": 2368425721, "v": 1687539547, "name": "Yeşilburç Sokağı", "length": 61.9283120483991, "tahmini_hiz_kmh": 33.115879, "trafik_durumu_kumesi": 0 }, "geometry": { "type": "LineString", "coordinates": [ [ 28.9641128, 41.0650852 ], [ 28.9647946, 41.0648709 ] ] } },
{ "type": "Feature", "properties": { "u": 2368425721, "v": 13043139795, "name": "Yeşilburç Sokağı", "length": 31.66431608796546, "tahmini_hiz_kmh": 33.115879, "trafik_durumu_kumesi": 0 }, "geometry": { "type": "LineString", "coordinates": [ [ 28.9641128, 41.0650852 ], [ 28.9637925, 41.0652361 ] ] } },
{ "type": "Feature", "properties": { "u": 2368425721, "v": 2368425736, "name": "Şölen Sokağı", "length": 37.86595867206151, "tahmini_hiz_kmh": 33.115879, "trafik_durumu_kumesi": 0 }, "geometry": { "type": "LineString", "coordinates": [ [ 28.9641128, 41.0650852 ], [ 28.9644123, 41.0653401 ] ] } },
{ "type": "Feature", "properties": { "u": 2368425721, "v": 1687539530, "name": "Şölen Sokağı", "length": 46.968817759219291, "tahmini_hiz_kmh": 33.115879, "trafik_durumu_kumesi": 0 }, "geometry": { "type": "LineString", "coordinates": [ [ 28.9641128, 41.0650852 ], [ 28.9641049, 41.065034 ], [ 28.9639957, 41.0646724 ] ] } },
{ "type": "Feature", "properties": { "u": 2368425726, "v": 1687539583, "name": "Yolüstü Sokağı", "length": 35.353329807902661, "tahmini_hiz_kmh": 33.37384, "trafik_durumu_kumesi": 0 }, "geometry": { "type": "LineString", "coordinates": [ [ 28.9613861, 41.0651849 ], [ 28.9618071, 41.0651667 ] ] } },
{ "type": "Feature", "properties": { "u": 2368425726, "v": 2368425747, "name": "Sakızağacı Sokağı", "length": 59.367664819480126, "tahmini_hiz_kmh": 33.37384, "trafik_durumu_kumesi": 0 }, "geometry": { "type": "LineString", "coordinates": [ [ 28.9613861, 41.0651849 ], [ 28.961311, 41.0654002 ], [ 28.9613961, 41.0657048 ] ] } },
{ "type": "Feature", "properties": { "u": 2368425726, "v": 1621975037, "name": "Yolüstü Sokağı", "length": 46.394747254292284, "tahmini_hiz_kmh": 33.37384, "trafik_durumu_kumesi": 0 }, "geometry": { "type": "LineString", "coordinates": [ [ 28.9613861, 41.0651849 ], [ 28.9612548, 41.0651906 ], [ 28.9608418, 41.0651257 ] ] } },
{ "type": "Feature", "properties": { "u": 2371690859, "v": 1687496888, "name": null, "length": 40.491476986105383, "tahmini_hiz_kmh": 31.596022, "trafik_durumu_kumesi": 0 }, "geometry": { "type": "LineString", "coordinates": [ [ 28.9661997, 41.0537068 ], [ 28.9662556, 41.0540685 ] ] } },
{ "type": "Feature", "properties": { "u": 2371690859, "v": 1687496820, "name": null, "length": 29.200384672833415, "tahmini_hiz_kmh": 31.596022, "trafik_durumu_kumesi": 0 }, "geometry": { "type": "LineString", "coordinates": [ [ 28.9661997, 41.0537068 ], [ 28.9658521, 41.0536909 ] ] } },
{ "type": "Feature", "properties": { "u": 2371690859, "v": 2371690863, "name": null, "length": 31.69753838895717, "tahmini_hiz_kmh": 31.596022, "trafik_durumu_kumesi": 0 }, "geometry": { "type": "LineString", "coordinates": [ [ 28.9661997, 41.0537068 ], [ 28.9664958, 41.0537203 ], [ 28.9665744, 41.0537362 ] ] } },
{ "type": "Feature", "properties": { "u": 2371923548, "v": 2371923542, "name": null, "length": 28.075395532938373, "tahmini_hiz_kmh": 32.429844, "trafik_durumu_kumesi": 0 }, "geometry": { "type": "LineString", "coordinates": [ [ 28.9916651, 41.0553466 ], [ 28.9914169, 41.0552756 ], [ 28.9913544, 41.0552529 ] ] } },
{ "type": "Feature", "properties": { "u": 2371923548, "v": 2371923528, "name": [ "Baytar Ahmet Sokağı", "Kevser Sokağı" ], "length": 86.839408079617982, "tahmini_hiz_kmh": 32.429844, "trafik_durumu_kumesi": 0 }, "geometry": { "type": "LineString", "coordinates": [ [ 28.9916651, 41.0553466 ], [ 28.991709, 41.0551109 ], [ 28.9917882, 41.0548156 ], [ 28.9915742, 41.0546357 ] ] } },
{ "type": "Feature", "properties": { "u": 2372202560, "v": 2372202557, "name": null, "length": 12.927279450596156, "tahmini_hiz_kmh": 31.242298, "trafik_durumu_kumesi": 0 }, "geometry": { "type": "LineString", "coordinates": [ [ 28.9774113, 41.0502032 ], [ 28.9774752, 41.0500974 ] ] } },
{ "type": "Feature", "properties": { "u": 2372202560, "v": 10660754891, "name": "Hilal Sokağı", "length": 66.949111858908623, "tahmini_hiz_kmh": 31.242298, "trafik_durumu_kumesi": 0 }, "geometry": { "type": "LineString", "coordinates": [ [ 28.9774113, 41.0502032 ], [ 28.9779131, 41.0502873 ], [ 28.9780864, 41.0501173 ] ] } },
{ "type": "Feature", "properties": { "u": 2372202560, "v": 10679611472, "name": "Hilal Sokağı", "length": 25.231846869671617, "tahmini_hiz_kmh": 31.242298, "trafik_durumu_kumesi": 0 }, "geometry": { "type": "LineString", "coordinates": [ [ 28.9774113, 41.0502032 ], [ 28.9772687, 41.0501793 ], [ 28.9771698, 41.0502411 ], [ 28.9771495, 41.0502538 ] ] } },
{ "type": "Feature", "properties": { "u": 2372202570, "v": 513823150, "name": "İkinci Yol Sokağı", "length": 90.280791659550459, "tahmini_hiz_kmh": 32.999557, "trafik_durumu_kumesi": 0 }, "geometry": { "type": "LineString", "coordinates": [ [ 28.9767048, 41.0505333 ], [ 28.976179, 41.0498248 ] ] } },
{ "type": "Feature", "properties": { "u": 2372202570, "v": 10679611472, "name": "Hilal Sokağı", "length": 48.543975972414117, "tahmini_hiz_kmh": 32.999557, "trafik_durumu_kumesi": 0 }, "geometry": { "type": "LineString", "coordinates": [ [ 28.9767048, 41.0505333 ], [ 28.9769494, 41.0503788 ], [ 28.977024, 41.0503322 ], [ 28.9770984, 41.0502857 ], [ 28.9771495, 41.0502538 ] ] } },
{ "type": "Feature", "properties": { "u": 2372202570, "v": 1663032777, "name": "Hilal Sokağı", "length": 18.281162527486394, "tahmini_hiz_kmh": 32.999557, "trafik_durumu_kumesi": 0 }, "geometry": { "type": "LineString", "coordinates": [ [ 28.9767048, 41.0505333 ], [ 28.9766153, 41.0505877 ], [ 28.9765417, 41.0506421 ] ] } },
{ "type": "Feature", "properties": { "u": 2379719669, "v": 2261014419, "name": "Taşocağı Caddesi", "length": 31.54324143882064, "tahmini_hiz_kmh": 33.38522, "trafik_durumu_kumesi": 0 }, "geometry": { "type": "LineString", "coordinates": [ [ 28.98362, 41.0761326 ], [ 28.9836753, 41.0762224 ], [ 28.9838335, 41.0763634 ] ] } },
{ "type": "Feature", "properties": { "u": 2379719669, "v": 2261014343, "name": "Taşocağı Caddesi", "length": 61.277381020085912, "tahmini_hiz_kmh": 33.38522, "trafik_durumu_kumesi": 0 }, "geometry": { "type": "LineString", "coordinates": [ [ 28.98362, 41.0761326 ], [ 28.9834777, 41.075954 ], [ 28.983381, 41.0757948 ], [ 28.9833369, 41.0757207 ], [ 28.9833023, 41.0756383 ] ] } },
{ "type": "Feature", "properties": { "u": 2379719669, "v": 2261014313, "name": null, "length": 101.27352773221016, "tahmini_hiz_kmh": 33.38522, "trafik_durumu_kumesi": 0 }, "geometry": { "type": "LineString", "coordinates": [ [ 28.98362, 41.0761326 ], [ 28.9840185, 41.0759325 ], [ 28.983878, 41.0758025 ], [ 28.9836854, 41.0755968 ], [ 28.9836169, 41.0754771 ] ] } },
{ "type": "Feature", "properties": { "u": 2379719680, "v": 1687780743, "name": "Çamaltı Sokağı", "length": 7.4106883373381667, "tahmini_hiz_kmh": 33.306892, "trafik_durumu_kumesi": 0 }, "geometry": { "type": "LineString", "coordinates": [ [ 28.9873996, 41.0772979 ], [ 28.9873549, 41.0772404 ] ] } },
{ "type": "Feature", "properties": { "u": 2379719680, "v": 962308690, "name": "Kendir Sokağı", "length": 65.362703359927522, "tahmini_hiz_kmh": 33.306892, "trafik_durumu_kumesi": 0 }, "geometry": { "type": "LineString", "coordinates": [ [ 28.9873996, 41.0772979 ], [ 28.9874983, 41.0772628 ], [ 28.9881646, 41.0772053 ] ] } },
{ "type": "Feature", "properties": { "u": 2379719680, "v": 962308232, "name": "Çamaltı Sokağı", "length": 57.098267591203559, "tahmini_hiz_kmh": 33.306892, "trafik_durumu_kumesi": 0 }, "geometry": { "type": "LineString", "coordinates": [ [ 28.9873996, 41.0772979 ], [ 28.9875747, 41.0775233 ], [ 28.9877359, 41.0777444 ] ] } },
{ "type": "Feature", "properties": { "u": 2379834772, "v": 1680486137, "name": "Şahinler Sokağı", "length": 43.721240119057818, "tahmini_hiz_kmh": 31.283247, "trafik_durumu_kumesi": 0 }, "geometry": { "type": "LineString", "coordinates": [ [ 28.9984041, 41.0697387 ], [ 28.9982592, 41.070037 ], [ 28.9982247, 41.0701079 ] ] } },
{ "type": "Feature", "properties": { "u": 2379834772, "v": 2379834774, "name": null, "length": 35.110060127241212, "tahmini_hiz_kmh": 31.283247, "trafik_durumu_kumesi": 0 }, "geometry": { "type": "LineString", "coordinates": [ [ 28.9984041, 41.0697387 ], [ 28.9981813, 41.069723 ], [ 28.9979949, 41.0697663 ] ] } },
{ "type": "Feature", "properties": { "u": 2382916118, "v": 269749156, "name": "Alayemini Sokağı", "length": 8.8788699813634242, "tahmini_hiz_kmh": 31.931309, "trafik_durumu_kumesi": 0 }, "geometry": { "type": "LineString", "coordinates": [ [ 29.0352812, 41.0609712 ], [ 29.0351897, 41.060931 ] ] } },
{ "type": "Feature", "properties": { "u": 2382916118, "v": 10617615172, "name": "Alayemini Sokağı", "length": 55.466474179276823, "tahmini_hiz_kmh": 31.931309, "trafik_durumu_kumesi": 0 }, "geometry": { "type": "LineString", "coordinates": [ [ 29.0352812, 41.0609712 ], [ 29.0353388, 41.0609903 ], [ 29.0353892, 41.0610007 ], [ 29.0355834, 41.060995 ], [ 29.0357813, 41.0609882 ], [ 29.03589, 41.060995 ], [ 29.0359344, 41.0609998 ] ] } },
{ "type": "Feature", "properties": { "u": 2382977753, "v": 506166705, "name": "Taşbasamak Sokağı", "length": 40.78507892160151, "tahmini_hiz_kmh": 32.273388, "trafik_durumu_kumesi": 0 }, "geometry": { "type": "LineString", "coordinates": [ [ 29.0242349, 41.0486992 ], [ 29.0245113, 41.0483974 ] ] } },
{ "type": "Feature", "properties": { "u": 2382977755, "v": 561145383, "name": "İşkembeci Yaver Sokağı", "length": 17.754437689176061, "tahmini_hiz_kmh": 31.226807, "trafik_durumu_kumesi": 0 }, "geometry": { "type": "LineString", "coordinates": [ [ 29.023948, 41.0488048 ], [ 29.0240349, 41.0489504 ] ] } },
{ "type": "Feature", "properties": { "u": 2382977755, "v": 622138968, "name": "İşkembeci Yaver Sokağı", "length": 20.555888641252583, "tahmini_hiz_kmh": 31.226807, "trafik_durumu_kumesi": 0 }, "geometry": { "type": "LineString", "coordinates": [ [ 29.023948, 41.0488048 ], [ 29.0238359, 41.0486404 ] ] } },
{ "type": "Feature", "properties": { "u": 2382977756, "v": 289859196, "name": "Palanga Caddesi", "length": 20.677102008163466, "tahmini_hiz_kmh": 33.048512, "trafik_durumu_kumesi": 0 }, "geometry": { "type": "LineString", "coordinates": [ [ 29.0206172, 41.0487861 ], [ 29.0205727, 41.048969 ] ] } },
{ "type": "Feature", "properties": { "u": 2382977756, "v": 31203470, "name": "Palanga Caddesi", "length": 58.67535033928278, "tahmini_hiz_kmh": 33.048512, "trafik_durumu_kumesi": 0 }, "geometry": { "type": "LineString", "coordinates": [ [ 29.0206172, 41.0487861 ], [ 29.0206299, 41.0486631 ], [ 29.0206456, 41.0485934 ], [ 29.0207155, 41.0485277 ], [ 29.0208568, 41.0484905 ], [ 29.0210376, 41.048497 ] ] } },
{ "type": "Feature", "properties": { "u": 2382984797, "v": 269730768, "name": "Muallim Naci Caddesi", "length": 112.66154987852553, "tahmini_hiz_kmh": 32.643322, "trafik_durumu_kumesi": 0 }, "geometry": { "type": "LineString", "coordinates": [ [ 29.0282084, 41.0492147 ], [ 29.0281167, 41.0492216 ], [ 29.0280241, 41.0492198 ], [ 29.0273727, 41.0491023 ], [ 29.0268992, 41.0490104 ] ] } },
{ "type": "Feature", "properties": { "u": 2382984797, "v": 269731285, "name": "Ahmet Taner Kışlalı Caddesi", "length": 184.22146814626609, "tahmini_hiz_kmh": 32.643322, "trafik_durumu_kumesi": 0 }, "geometry": { "type": "LineString", "coordinates": [ [ 29.0282084, 41.0492147 ], [ 29.0281792, 41.0492758 ], [ 29.0281425, 41.049382 ], [ 29.0281417, 41.0494841 ], [ 29.0281535, 41.0496491 ], [ 29.028144, 41.0497234 ], [ 29.0281051, 41.0499549 ], [ 29.0279978, 41.0501936 ], [ 29.0278552, 41.0504036 ], [ 29.0278348, 41.050462 ], [ 29.0278449, 41.050505 ], [ 29.0278833, 41.0505524 ], [ 29.0279743, 41.0505987 ], [ 29.0280403, 41.0506032 ], [ 29.0281157, 41.0505954 ], [ 29.0282042, 41.050578 ] ] } },
{ "type": "Feature", "properties": { "u": 2382989012, "v": 2382989009, "name": null, "length": 14.368895404410644, "tahmini_hiz_kmh": 29.007275, "trafik_durumu_kumesi": 0 }, "geometry": { "type": "LineString", "coordinates": [ [ 29.0320989, 41.0505113 ], [ 29.0322262, 41.0504248 ] ] } },
{ "type": "Feature", "properties": { "u": 2382989012, "v": 2382989012, "name": null, "length": 83.018700061997109, "tahmini_hiz_kmh": 29.007275, "trafik_durumu_kumesi": 0 }, "geometry": { "type": "LineString", "coordinates": [ [ 29.0320989, 41.0505113 ], [ 29.0319972, 41.0505729 ], [ 29.0318889, 41.0506056 ], [ 29.031818, 41.0506041 ], [ 29.031757, 41.05057 ], [ 29.0317275, 41.0504987 ], [ 29.031757, 41.0504438 ], [ 29.0318259, 41.0504052 ], [ 29.0319224, 41.0503962 ], [ 29.0319854, 41.050423 ], [ 29.0320989, 41.0505113 ] ] } },
{ "type": "Feature", "properties": { "u": 2382989012, "v": 2382989012, "name": null, "length": 83.018700061997095, "tahmini_hiz_kmh": 29.007275, "trafik_durumu_kumesi": 0 }, "geometry": { "type": "LineString", "coordinates": [ [ 29.0320989, 41.0505113 ], [ 29.0319854, 41.050423 ], [ 29.0319224, 41.0503962 ], [ 29.0318259, 41.0504052 ], [ 29.031757, 41.0504438 ], [ 29.0317275, 41.0504987 ], [ 29.031757, 41.05057 ], [ 29.031818, 41.0506041 ], [ 29.0318889, 41.0506056 ], [ 29.0319972, 41.0505729 ], [ 29.0320989, 41.0505113 ] ] } },
{ "type": "Feature", "properties": { "u": 2382989012, "v": 2382989025, "name": null, "length": 48.905313072044279, "tahmini_hiz_kmh": 29.007275, "trafik_durumu_kumesi": 0 }, "geometry": { "type": "LineString", "coordinates": [ [ 29.0320989, 41.0505113 ], [ 29.0321725, 41.0505997 ], [ 29.0321902, 41.050668 ], [ 29.0321528, 41.050717 ], [ 29.032074, 41.0507437 ], [ 29.0319362, 41.05076 ], [ 29.0318856, 41.0507679 ] ] } },
{ "type": "Feature", "properties": { "u": 2385194435, "v": 269517218, "name": "Asariye Caddesi", "length": 30.28526011500616, "tahmini_hiz_kmh": 31.769705, "trafik_durumu_kumesi": 0 }, "geometry": { "type": "LineString", "coordinates": [ [ 29.0124896, 41.0446035 ], [ 29.012471, 41.0443315 ] ] } },
{ "type": "Feature", "properties": { "u": 2385194435, "v": 269516748, "name": "Asariye Caddesi", "length": 44.897645650661303, "tahmini_hiz_kmh": 31.769705, "trafik_durumu_kumesi": 0 }, "geometry": { "type": "LineString", "coordinates": [ [ 29.0124896, 41.0446035 ], [ 29.0125053, 41.0450071 ] ] } },
{ "type": "Feature", "properties": { "u": 2385194435, "v": 629040598, "name": "Salçıklar Sokağı", "length": 72.975429546769874, "tahmini_hiz_kmh": 31.769705, "trafik_durumu_kumesi": 0 }, "geometry": { "type": "LineString", "coordinates": [ [ 29.0124896, 41.0446035 ], [ 29.0133533, 41.0446834 ] ] } },
{ "type": "Feature", "properties": { "u": 2394641630, "v": 2394641624, "name": "Tepecik Yolu", "length": 8.6807665436007468, "tahmini_hiz_kmh": 32.518581, "trafik_durumu_kumesi": 0 }, "geometry": { "type": "LineString", "coordinates": [ [ 29.0300712, 41.0796347 ], [ 29.0300558, 41.0795575 ] ] } },
{ "type": "Feature", "properties": { "u": 2394641630, "v": 2394641628, "name": null, "length": 8.2992194831309281, "tahmini_hiz_kmh": 32.518581, "trafik_durumu_kumesi": 0 }, "geometry": { "type": "LineString", "coordinates": [ [ 29.0300712, 41.0796347 ], [ 29.0301696, 41.0796264 ] ] } },
{ "type": "Feature", "properties": { "u": 2394641630, "v": 1678877118, "name": null, "length": 18.437014686906725, "tahmini_hiz_kmh": 32.518581, "trafik_durumu_kumesi": 0 }, "geometry": { "type": "LineString", "coordinates": [ [ 29.0300712, 41.0796347 ], [ 29.0300086, 41.079633 ], [ 29.0298759, 41.0795693 ] ] } },
{ "type": "Feature", "properties": { "u": 2394641697, "v": 355688279, "name": "Edincik Sokak", "length": 27.003437358496171, "tahmini_hiz_kmh": 31.304628, "trafik_durumu_kumesi": 0 }, "geometry": { "type": "LineString", "coordinates": [ [ 29.0324065, 41.0872125 ], [ 29.0321037, 41.0872955 ] ] } },
{ "type": "Feature", "properties": { "u": 2394641697, "v": 355688190, "name": "Edincik Sokağı", "length": 49.01285985240952, "tahmini_hiz_kmh": 31.304628, "trafik_durumu_kumesi": 0 }, "geometry": { "type": "LineString", "coordinates": [ [ 29.0324065, 41.0872125 ], [ 29.0325909, 41.0871619 ], [ 29.0329775, 41.0871914 ] ] } },
{ "type": "Feature", "properties": { "u": 2394641697, "v": 4050001990, "name": null, "length": 181.10427560272572, "tahmini_hiz_kmh": 31.304628, "trafik_durumu_kumesi": 0 }, "geometry": { "type": "LineString", "coordinates": [ [ 29.0324065, 41.0872125 ], [ 29.0321049, 41.086915 ], [ 29.0319815, 41.0866886 ], [ 29.0319976, 41.0864702 ], [ 29.032062, 41.0863045 ], [ 29.0322605, 41.0861306 ], [ 29.0324776, 41.0860471 ], [ 29.0327324, 41.0859753 ] ] } },
{ "type": "Feature", "properties": { "u": 2397000821, "v": 355498842, "name": "Güneş Sokağı", "length": 44.000754469033922, "tahmini_hiz_kmh": 32.153465, "trafik_durumu_kumesi": 0 }, "geometry": { "type": "LineString", "coordinates": [ [ 29.0083853, 41.086722 ], [ 29.0081386, 41.0870713 ] ] } },
{ "type": "Feature", "properties": { "u": 2397000821, "v": 355498841, "name": "Güneş Sokağı", "length": 7.2746212852083483, "tahmini_hiz_kmh": 32.153465, "trafik_durumu_kumesi": 0 }, "geometry": { "type": "LineString", "coordinates": [ [ 29.0083853, 41.086722 ], [ 29.0084437, 41.0866736 ] ] } },
{ "type": "Feature", "properties": { "u": 2397000821, "v": 10817712022, "name": "Akçam Caddesi", "length": 29.627896258353275, "tahmini_hiz_kmh": 32.153465, "trafik_durumu_kumesi": 0 }, "geometry": { "type": "LineString", "coordinates": [ [ 29.0083853, 41.086722 ], [ 29.0082889, 41.0866759 ], [ 29.0080851, 41.0865813 ] ] } },
{ "type": "Feature", "properties": { "u": 4088558041, "v": 2264018654, "name": "Dulkadiroğulları Sokağı", "length": 66.412617531329388, "tahmini_hiz_kmh": 32.47757, "trafik_durumu_kumesi": 0 }, "geometry": { "type": "LineString", "coordinates": [ [ 29.0410289, 41.0652526 ], [ 29.0407052, 41.0653296 ], [ 29.0405009, 41.0653635 ], [ 29.0404242, 41.0654376 ], [ 29.0403759, 41.0655195 ] ] } },
{ "type": "Feature", "properties": { "u": 4088558041, "v": 775651037, "name": [ "Arnavutköy Kuruçeşme Caddesi", "Bebek Arnavutköy Caddesi" ], "length": 195.96509217907439, "tahmini_hiz_kmh": 32.47757, "trafik_durumu_kumesi": 0 }, "geometry": { "type": "LineString", "coordinates": [ [ 29.0410289, 41.0652526 ], [ 29.0410106, 41.0652026 ], [ 29.0409555, 41.0649906 ], [ 29.0408804, 41.0646359 ], [ 29.0408372, 41.0644823 ], [ 29.040819, 41.0644001 ], [ 29.0407916, 41.064246 ], [ 29.0407364, 41.0639223 ], [ 29.0406746, 41.0637145 ], [ 29.0406376, 41.0635803 ], [ 29.0406225, 41.0635183 ] ] } },
{ "type": "Feature", "properties": { "u": 4243309613, "v": 2261060141, "name": "Sekbanlar Caddesi", "length": 33.226070267247216, "tahmini_hiz_kmh": 31.964922, "trafik_durumu_kumesi": 0 }, "geometry": { "type": "LineString", "coordinates": [ [ 29.0355751, 41.0722689 ], [ 29.035921, 41.072123 ] ] } },
{ "type": "Feature", "properties": { "u": 4243309613, "v": 2380931812, "name": "Sekbanlar Caddesi", "length": 99.943857670113886, "tahmini_hiz_kmh": 31.964922, "trafik_durumu_kumesi": 0 }, "geometry": { "type": "LineString", "coordinates": [ [ 29.0355751, 41.0722689 ], [ 29.0355241, 41.0722904 ], [ 29.0348267, 41.0726059 ], [ 29.034553, 41.0727316 ] ] } },
{ "type": "Feature", "properties": { "u": 4243309613, "v": 2264019226, "name": null, "length": 146.327120022815, "tahmini_hiz_kmh": 31.964922, "trafik_durumu_kumesi": 0 }, "geometry": { "type": "LineString", "coordinates": [ [ 29.0355751, 41.0722689 ], [ 29.0358935, 41.0723995 ], [ 29.0360705, 41.0724491 ], [ 29.0363133, 41.0725057 ], [ 29.0364971, 41.0725723 ], [ 29.0366193, 41.0726171 ], [ 29.0367229, 41.0726171 ], [ 29.0368112, 41.0725967 ], [ 29.0368808, 41.0725519 ], [ 29.0368876, 41.0725007 ], [ 29.0368468, 41.0723189 ] ] } },
{ "type": "Feature", "properties": { "u": 6480731613, "v": 1663032326, "name": null, "length": 14.461277059241869, "tahmini_hiz_kmh": 31.320089, "trafik_durumu_kumesi": 0 }, "geometry": { "type": "LineString", "coordinates": [ [ 28.9727809, 41.0460226 ], [ 28.9726505, 41.0459375 ] ] } },
{ "type": "Feature", "properties": { "u": 6480731613, "v": 2373148434, "name": "Güzeller Sokağı", "length": 32.78345610120455, "tahmini_hiz_kmh": 31.320089, "trafik_durumu_kumesi": 0 }, "geometry": { "type": "LineString", "coordinates": [ [ 28.9727809, 41.0460226 ], [ 28.9726768, 41.0461493 ], [ 28.9726443, 41.046293 ] ] } },
{ "type": "Feature", "properties": { "u": 6898446994, "v": 2262230310, "name": "Alp Sokağı", "length": 47.473136997003351, "tahmini_hiz_kmh": 32.846058, "trafik_durumu_kumesi": 0 }, "geometry": { "type": "LineString", "coordinates": [ [ 28.9752281, 41.0983351 ], [ 28.9757439, 41.0981585 ] ] } },
{ "type": "Feature", "properties": { "u": 6898446994, "v": 12165250113, "name": "Alp Sokağı", "length": 135.02468630042631, "tahmini_hiz_kmh": 32.846058, "trafik_durumu_kumesi": 0 }, "geometry": { "type": "LineString", "coordinates": [ [ 28.9752281, 41.0983351 ], [ 28.9750858, 41.0983885 ], [ 28.9749798, 41.0984422 ], [ 28.9748875, 41.0985253 ], [ 28.9748394, 41.0985864 ], [ 28.9748504, 41.0986411 ], [ 28.974873, 41.0986569 ], [ 28.9749736, 41.0987271 ], [ 28.9755713, 41.0991775 ] ] } },
{ "type": "Feature", "properties": { "u": 6898446994, "v": 12157115450, "name": null, "length": 51.85327084727281, "tahmini_hiz_kmh": 32.846058, "trafik_durumu_kumesi": 0 }, "geometry": { "type": "LineString", "coordinates": [ [ 28.9752281, 41.0983351 ], [ 28.9753155, 41.0980244 ], [ 28.9753524, 41.0978783 ] ] } },
{ "type": "Feature", "properties": { "u": 6911396911, "v": 1687708769, "name": "Kağıthane Caddesi", "length": 30.509556629057087, "tahmini_hiz_kmh": 32.754982, "trafik_durumu_kumesi": 0 }, "geometry": { "type": "LineString", "coordinates": [ [ 28.973355, 41.0768074 ], [ 28.9733235, 41.0766786 ], [ 28.973306, 41.0765358 ] ] } },
{ "type": "Feature", "properties": { "u": 6911396911, "v": 288732971, "name": "Kağıthane Caddesi", "length": 43.539378725176107, "tahmini_hiz_kmh": 32.754982, "trafik_durumu_kumesi": 0 }, "geometry": { "type": "LineString", "coordinates": [ [ 28.973355, 41.0768074 ], [ 28.9734179, 41.0769171 ], [ 28.9734941, 41.0769998 ], [ 28.9735774, 41.0770509 ], [ 28.9736878, 41.0770862 ] ] } },
{ "type": "Feature", "properties": { "u": 6911396911, "v": 1687708616, "name": "Seğmen Sokağı", "length": 307.39782815171969, "tahmini_hiz_kmh": 32.754982, "trafik_durumu_kumesi": 0 }, "geometry": { "type": "LineString", "coordinates": [ [ 28.973355, 41.0768074 ], [ 28.9733838, 41.0767347 ], [ 28.9733905, 41.0766605 ], [ 28.9734294, 41.0765705 ], [ 28.9744281, 41.0755259 ], [ 28.9746676, 41.0751117 ], [ 28.9749822, 41.0747228 ], [ 28.9752456, 41.074466 ] ] } },
{ "type": "Feature", "properties": { "u": 6911700998, "v": 6911700997, "name": "Bahtiyar Sokağı", "length": 5.1646895755518267, "tahmini_hiz_kmh": 32.336449, "trafik_durumu_kumesi": 0 }, "geometry": { "type": "LineString", "coordinates": [ [ 28.9746059, 41.0778904 ], [ 28.9746108, 41.0779367 ] ] } },
{ "type": "Feature", "properties": { "u": 6911700998, "v": 288732480, "name": "Bahtiyar Sokağı", "length": 95.349349833029876, "tahmini_hiz_kmh": 32.336449, "trafik_durumu_kumesi": 0 }, "geometry": { "type": "LineString", "coordinates": [ [ 28.9746059, 41.0778904 ], [ 28.9746196, 41.0778542 ], [ 28.9753051, 41.0772177 ] ] } },
{ "type": "Feature", "properties": { "u": 7127693381, "v": 513823046, "name": "Dolapdere Caddesi", "length": 52.995694600394067, "tahmini_hiz_kmh": 31.995586, "trafik_durumu_kumesi": 0 }, "geometry": { "type": "LineString", "coordinates": [ [ 28.982241, 41.0438541 ], [ 28.9818964, 41.0434546 ] ] } },
{ "type": "Feature", "properties": { "u": 7127693381, "v": 7127693382, "name": "Çilingir Çıkmazı", "length": 33.361551855095954, "tahmini_hiz_kmh": 31.995586, "trafik_durumu_kumesi": 0 }, "geometry": { "type": "LineString", "coordinates": [ [ 28.982241, 41.0438541 ], [ 28.9825897, 41.0437097 ] ] } },
{ "type": "Feature", "properties": { "u": 7127693381, "v": 2250193869, "name": "Dolapdere Caddesi", "length": 19.710347488033197, "tahmini_hiz_kmh": 31.995586, "trafik_durumu_kumesi": 0 }, "geometry": { "type": "LineString", "coordinates": [ [ 28.982241, 41.0438541 ], [ 28.9822587, 41.0438746 ], [ 28.9823632, 41.0440055 ] ] } },
{ "type": "Feature", "properties": { "u": 7500880767, "v": 7500880767, "name": null, "length": 164.9866139343261, "tahmini_hiz_kmh": 28.354589, "trafik_durumu_kumesi": 0 }, "geometry": { "type": "LineString", "coordinates": [ [ 29.0143759, 41.0943027 ], [ 29.0144853, 41.0943771 ], [ 29.0145151, 41.0946098 ], [ 29.0145402, 41.0948524 ], [ 29.0141477, 41.0948763 ], [ 29.0143759, 41.0943027 ] ] } },
{ "type": "Feature", "properties": { "u": 7500880767, "v": 7500880767, "name": null, "length": 164.9866139343261, "tahmini_hiz_kmh": 28.354589, "trafik_durumu_kumesi": 0 }, "geometry": { "type": "LineString", "coordinates": [ [ 29.0143759, 41.0943027 ], [ 29.0141477, 41.0948763 ], [ 29.0145402, 41.0948524 ], [ 29.0145151, 41.0946098 ], [ 29.0144853, 41.0943771 ], [ 29.0143759, 41.0943027 ] ] } },
{ "type": "Feature", "properties": { "u": 7500880767, "v": 355686701, "name": null, "length": 54.583145099722032, "tahmini_hiz_kmh": 28.354589, "trafik_durumu_kumesi": 0 }, "geometry": { "type": "LineString", "coordinates": [ [ 29.0143759, 41.0943027 ], [ 29.0140386, 41.0940624 ], [ 29.0140125, 41.0940011 ], [ 29.0140433, 41.093928 ] ] } },
{ "type": "Feature", "properties": { "u": 8541859085, "v": 12519472487, "name": null, "length": 69.858897085293961, "tahmini_hiz_kmh": 32.000736, "trafik_durumu_kumesi": 0 }, "geometry": { "type": "LineString", "coordinates": [ [ 28.9889172, 41.0806581 ], [ 28.9885763, 41.0800848 ] ] } },
{ "type": "Feature", "properties": { "u": 8541859085, "v": 2260955498, "name": "Abdi İpekçi Caddesi", "length": 32.782012738841466, "tahmini_hiz_kmh": 32.000736, "trafik_durumu_kumesi": 0 }, "geometry": { "type": "LineString", "coordinates": [ [ 28.9889172, 41.0806581 ], [ 28.9886237, 41.0807658 ], [ 28.9885643, 41.0807851 ] ] } },
{ "type": "Feature", "properties": { "u": 8541859085, "v": 12518053074, "name": "Abdi İpekçi Caddesi", "length": 31.207215197107367, "tahmini_hiz_kmh": 32.000736, "trafik_durumu_kumesi": 0 }, "geometry": { "type": "LineString", "coordinates": [ [ 28.9889172, 41.0806581 ], [ 28.9890726, 41.0805897 ], [ 28.9892465, 41.0805277 ] ] } },
{ "type": "Feature", "properties": { "u": 8541859085, "v": 2262256119, "name": "Uyanık Sokağı", "length": 127.7584615370793, "tahmini_hiz_kmh": 32.000736, "trafik_durumu_kumesi": 0 }, "geometry": { "type": "LineString", "coordinates": [ [ 28.9889172, 41.0806581 ], [ 28.9889918, 41.0808136 ], [ 28.9890797, 41.0809608 ], [ 28.9891478, 41.0810604 ], [ 28.9892572, 41.0811738 ], [ 28.9893324, 41.0812424 ], [ 28.9893862, 41.081295 ], [ 28.989402, 41.081314 ], [ 28.9894644, 41.0814291 ], [ 28.9895963, 41.0816777 ] ] } },
{ "type": "Feature", "properties": { "u": 9776603325, "v": 2382919295, "name": "Hakkı Yeten Caddesi", "length": 7.0415089269155073, "tahmini_hiz_kmh": 32.007244, "trafik_durumu_kumesi": 0 }, "geometry": { "type": "LineString", "coordinates": [ [ 28.9972256, 41.0564158 ], [ 28.997147, 41.0564381 ] ] } },
{ "type": "Feature", "properties": { "u": 9776603325, "v": 2382919302, "name": "Mehmetçik Caddesi", "length": 58.2995495085231, "tahmini_hiz_kmh": 32.007244, "trafik_durumu_kumesi": 0 }, "geometry": { "type": "LineString", "coordinates": [ [ 28.9972256, 41.0564158 ], [ 28.9972221, 41.0564776 ], [ 28.9972084, 41.0565522 ], [ 28.9969612, 41.0568915 ] ] } },
{ "type": "Feature", "properties": { "u": 9910585175, "v": 2268105301, "name": "Barbaros Bulvarı", "length": 80.307070456433223, "tahmini_hiz_kmh": 32.940205, "trafik_durumu_kumesi": 0 }, "geometry": { "type": "LineString", "coordinates": [ [ 29.0108691, 41.0602287 ], [ 29.010663, 41.0595234 ] ] } },
{ "type": "Feature", "properties": { "u": 9910585175, "v": 1774573500, "name": "Hoşsohbet Sokağı", "length": 49.510545580615471, "tahmini_hiz_kmh": 32.940205, "trafik_durumu_kumesi": 0 }, "geometry": { "type": "LineString", "coordinates": [ [ 29.0108691, 41.0602287 ], [ 29.0107905, 41.0602668 ], [ 29.0106421, 41.0603491 ], [ 29.0105312, 41.0604227 ], [ 29.0104113, 41.0605083 ] ] } },
{ "type": "Feature", "properties": { "u": 10143409231, "v": 1678941746, "name": "Aslan Sokağı", "length": 59.551444944857721, "tahmini_hiz_kmh": 32.32066, "trafik_durumu_kumesi": 0 }, "geometry": { "type": "LineString", "coordinates": [ [ 28.9924569, 41.0812965 ], [ 28.9925652, 41.0813475 ], [ 28.9926652, 41.0814316 ], [ 28.9928131, 41.0816099 ], [ 28.9929016, 41.0817049 ] ] } },
{ "type": "Feature", "properties": { "u": 10143409231, "v": 8423207668, "name": null, "length": 13.910435496253836, "tahmini_hiz_kmh": 32.32066, "trafik_durumu_kumesi": 0 }, "geometry": { "type": "LineString", "coordinates": [ [ 28.9924569, 41.0812965 ], [ 28.9923702, 41.0813765 ], [ 28.99235, 41.0813921 ] ] } },
{ "type": "Feature", "properties": { "u": 10279864592, "v": 10279864591, "name": null, "length": 3.9071051857354018, "tahmini_hiz_kmh": 33.455387, "trafik_durumu_kumesi": 0 }, "geometry": { "type": "LineString", "coordinates": [ [ 29.0356197, 41.0605533 ], [ 29.0356482, 41.0605811 ] ] } },
{ "type": "Feature", "properties": { "u": 10279864592, "v": 2268105342, "name": "Kırbaç Sokağı", "length": 46.333417224151084, "tahmini_hiz_kmh": 33.455387, "trafik_durumu_kumesi": 0 }, "geometry": { "type": "LineString", "coordinates": [ [ 29.0356197, 41.0605533 ], [ 29.0356292, 41.0605477 ], [ 29.0358771, 41.0604228 ], [ 29.0359725, 41.0603742 ], [ 29.0360264, 41.0603495 ], [ 29.0360906, 41.0603488 ] ] } },
{ "type": "Feature", "properties": { "u": 10679611475, "v": 10679611474, "name": null, "length": 31.721644174545723, "tahmini_hiz_kmh": 32.863979, "trafik_durumu_kumesi": 0 }, "geometry": { "type": "LineString", "coordinates": [ [ 28.9769618, 41.0498832 ], [ 28.9771619, 41.0496411 ] ] } },
{ "type": "Feature", "properties": { "u": 10679611475, "v": 2372202534, "name": null, "length": 34.166430813036825, "tahmini_hiz_kmh": 32.863979, "trafik_durumu_kumesi": 0 }, "geometry": { "type": "LineString", "coordinates": [ [ 28.9769618, 41.0498832 ], [ 28.976883, 41.0498594 ], [ 28.9767718, 41.0498497 ], [ 28.9766632, 41.049875 ], [ 28.976596, 41.0499277 ] ] } },
{ "type": "Feature", "properties": { "u": 10679611475, "v": 2372202557, "name": null, "length": 49.71081009760519, "tahmini_hiz_kmh": 32.863979, "trafik_durumu_kumesi": 0 }, "geometry": { "type": "LineString", "coordinates": [ [ 28.9769618, 41.0498832 ], [ 28.9770382, 41.0499062 ], [ 28.9772115, 41.0499589 ], [ 28.9774028, 41.0500428 ], [ 28.9774752, 41.0500974 ] ] } },
{ "type": "Feature", "properties": { "u": 10679611475, "v": 10679611472, "name": null, "length": 44.880522787408516, "tahmini_hiz_kmh": 32.863979, "trafik_durumu_kumesi": 0 }, "geometry": { "type": "LineString", "coordinates": [ [ 28.9769618, 41.0498832 ], [ 28.97695, 41.0498973 ], [ 28.9771495, 41.0502538 ] ] } },
{ "type": "Feature", "properties": { "u": 12157073245, "v": 2262272017, "name": null, "length": 32.420231206956515, "tahmini_hiz_kmh": 31.950222, "trafik_durumu_kumesi": 0 }, "geometry": { "type": "LineString", "coordinates": [ [ 28.9668723, 41.0836332 ], [ 28.9664865, 41.0836121 ] ] } },
{ "type": "Feature", "properties": { "u": 12157073245, "v": 12157073258, "name": null, "length": 17.804847991586271, "tahmini_hiz_kmh": 31.950222, "trafik_durumu_kumesi": 0 }, "geometry": { "type": "LineString", "coordinates": [ [ 28.9668723, 41.0836332 ], [ 28.9668741, 41.0836165 ], [ 28.9668829, 41.0836011 ], [ 28.9668979, 41.0835887 ], [ 28.9669173, 41.0835805 ], [ 28.9669392, 41.0835775 ], [ 28.9669616, 41.0835801 ], [ 28.9669816, 41.083588 ], [ 28.966997, 41.0836005 ], [ 28.9670062, 41.083616 ], [ 28.9670072, 41.0836241 ] ] } },
{ "type": "Feature", "properties": { "u": 12157073245, "v": 12157073258, "name": null, "length": 17.927300241749972, "tahmini_hiz_kmh": 31.950222, "trafik_durumu_kumesi": 0 }, "geometry": { "type": "LineString", "coordinates": [ [ 28.9668723, 41.0836332 ], [ 28.9668778, 41.0836495 ], [ 28.9668899, 41.0836635 ], [ 28.9669074, 41.0836739 ], [ 28.9669284, 41.0836795 ], [ 28.966951, 41.0836796 ], [ 28.9669724, 41.0836742 ], [ 28.9669903, 41.0836638 ], [ 28.9670027, 41.0836495 ], [ 28.9670082, 41.083633 ], [ 28.9670072, 41.0836241 ] ] } },
{ "type": "Feature", "properties": { "u": 13043139794, "v": 1687539530, "name": "Pasdemir Sokağı", "length": 42.740754030776792, "tahmini_hiz_kmh": 32.888134, "trafik_durumu_kumesi": 0 }, "geometry": { "type": "LineString", "coordinates": [ [ 28.9635293, 41.0648276 ], [ 28.9639957, 41.0646724 ] ] } },
{ "type": "Feature", "properties": { "u": 13043139794, "v": 1687539580, "name": "Pasdemir Sokağı", "length": 49.351407191701881, "tahmini_hiz_kmh": 32.888134, "trafik_durumu_kumesi": 0 }, "geometry": { "type": "LineString", "coordinates": [ [ 28.9635293, 41.0648276 ], [ 28.9629907, 41.0650067 ] ] } },
{ "type": "Feature", "properties": { "u": 13043139794, "v": 13043139795, "name": "Nurgök Sokağı", "length": 50.499226229350732, "tahmini_hiz_kmh": 32.888134, "trafik_durumu_kumesi": 0 }, "geometry": { "type": "LineString", "coordinates": [ [ 28.9635293, 41.0648276 ], [ 28.9637925, 41.0652361 ] ] } },
{ "type": "Feature", "properties": { "u": 13451309050, "v": 6055027999, "name": "Kıyı Sokağı", "length": 47.914119702171348, "tahmini_hiz_kmh": 32.955597, "trafik_durumu_kumesi": 0 }, "geometry": { "type": "LineString", "coordinates": [ [ 28.997778, 41.0696384 ], [ 28.9979671, 41.0696264 ], [ 28.9981921, 41.0696229 ], [ 28.998348, 41.0696351 ] ] } },
{ "type": "Feature", "properties": { "u": 13752122468, "v": 781488681, "name": "Ferman Caddesi", "length": 95.712146984504514, "tahmini_hiz_kmh": 31.286522, "trafik_durumu_kumesi": 0 }, "geometry": { "type": "LineString", "coordinates": [ [ 28.9721859, 41.0891774 ], [ 28.9727271, 41.0885493 ], [ 28.9728387, 41.0884756 ] ] } },
{ "type": "Feature", "properties": { "u": 13752122468, "v": 13752122473, "name": null, "length": 70.720765964838989, "tahmini_hiz_kmh": 31.286522, "trafik_durumu_kumesi": 0 }, "geometry": { "type": "LineString", "coordinates": [ [ 28.9721859, 41.0891774 ], [ 28.9721489, 41.0891281 ], [ 28.9721274, 41.0890866 ], [ 28.9721127, 41.0890422 ], [ 28.9720604, 41.0886874 ], [ 28.9720247, 41.0885581 ] ] } },
{ "type": "Feature", "properties": { "u": 13785153853, "v": 2027392357, "name": "Duci Sokağı", "length": 64.282586553324194, "tahmini_hiz_kmh": 33.456505, "trafik_durumu_kumesi": 0 }, "geometry": { "type": "LineString", "coordinates": [ [ 28.9803026, 41.059544 ], [ 28.980299, 41.0589659 ] ] } },
{ "type": "Feature", "properties": { "u": 13785153853, "v": 13785153860, "name": "Duci Sokağı", "length": 34.938587284344692, "tahmini_hiz_kmh": 33.456505, "trafik_durumu_kumesi": 0 }, "geometry": { "type": "LineString", "coordinates": [ [ 28.9803026, 41.059544 ], [ 28.9803033, 41.0596619 ], [ 28.9803153, 41.059858 ] ] } },
{ "type": "Feature", "properties": { "u": 13785153853, "v": 13785153860, "name": null, "length": 52.115590483727388, "tahmini_hiz_kmh": 33.456505, "trafik_durumu_kumesi": 0 }, "geometry": { "type": "LineString", "coordinates": [ [ 28.9803026, 41.059544 ], [ 28.9801924, 41.0595921 ], [ 28.9801329, 41.0596356 ], [ 28.9801045, 41.0596869 ], [ 28.9801099, 41.0597389 ], [ 28.9801464, 41.0597746 ], [ 28.9802055, 41.0598274 ], [ 28.9803153, 41.059858 ] ] } }
]
}
